Manufacturer,Model,Stick_Pin_Diameter_mm,Stick_Pin_Diameter_inch,Stick_Width_mm,Stick_Width_inch,Link_Pin_Diameter_mm,Link_Pin_Diameter_inch,Link_Width_mm,Link_Width_inch,Pin_Centers_mm,Pin_Centers_inch,Tip_Radius_mm,Tip_Radius_inch,Data_Source,Notes
Airman,AX12,30.0,1.181,120.0,4.724,30.0,1.181,120.0,4.724,117.0,4.606,,,PDF_Page_1,
Airman,AX22,35.0,1.378,140.0,5.512,35.0,1.378,140.0,5.512,185.0,7.283,,,PDF_Page_1,
Airman,AX29U,35.0,1.378,140.0,5.512,35.0,1.378,140.0,5.512,185.0,7.283,,,PDF_Page_1,
Airman,AX30,40.0,1.575,140.0,5.512,40.0,1.575,140.0,5.512,185.0,7.283,,,PDF_Page_1,
Airman,AX30UR,35.0,1.378,141.0,5.551,35.0,1.378,141.0,5.551,185.0,7.283,,,PDF_Page_1,
Airman,AX32U,40.0,1.575,140.0,5.512,40.0,1.575,140.0,5.512,185.0,7.283,,,PDF_Page_1,
Airman,AX36U,40.0,1.575,140.0,5.512,40.0,1.575,140.0,5.512,185.0,7.283,,,PDF_Page_1,
Airman,AX40,45.0,1.772,162.0,6.378,45.0,1.772,162.0,6.378,230.0,9.055,,,PDF_Page_1,
Airman,AX40U,45.0,1.772,161.0,6.339,45.0,1.772,161.0,6.339,230.0,9.055,,,PDF_Page_1,
Airman,AX50U,45.0,1.772,161.0,6.339,45.0,1.772,161.0,6.339,230.0,9.055,,,PDF_Page_1,
Airman,AX50UU,45.0,1.772,162.0,6.378,45.0,1.772,162.0,6.378,230.0,9.055,,,PDF_Page_1,
Atlas,404,35.0,1.378,110.0,4.331,35.0,1.378,110.0,4.331,115.0,4.528,,,PDF_Page_1,
Atlas,604,40.0,1.575,153.0,6.024,40.0,1.575,153.0,6.024,165.0,6.496,,,PDF_Page_1,
Atlas,804,40.0,1.575,153.0,6.024,40.0,1.575,153.0,6.024,165.0,6.496,,,PDF_Page_1,
Atlas,1202,100.0,3.937,270.0,10.63,100.0,3.937,210.0,8.268,283.0,11.142,,,PDF_Page_1,Top configuration
Atlas,1302,100.0,3.937,270.0,10.63,100.0,3.937,210.0,8.268,283.0,11.142,,,PDF_Page_1,Top configuration
Atlas,1402,100.0,3.937,270.0,10.63,100.0,3.937,210.0,8.268,283.0,11.142,,,PDF_Page_1,Top configuration
Atlas,1602,100.0,3.937,270.0,10.63,100.0,3.937,210.0,8.268,283.0,11.142,,,PDF_Page_1,Top configuration
Atlas,1702,80.0,3.15,207.0,8.15,80.0,3.15,165.0,6.496,446.0,17.559,347.0,13.661,PDF_Page_1,Top/Bottom config
Atlas,1804,80.0,3.15,207.0,8.15,80.0,3.15,165.0,6.496,446.0,17.559,347.0,13.661,PDF_Page_1,Top/Bottom config
Benati,14-15 ton,60.0,2.362,267.0,10.512,60.0,2.362,267.0,10.512,415.0,16.339,,,PDF_Page_1,
Bobcat,316,25.0,0.984,112.0,4.409,25.0,0.984,112.0,4.409,100.0,3.937,,,PDF_Page_1,
Bobcat,322,30.0,1.181,108.0,4.252,30.0,1.181,108.0,4.252,123.0,4.843,,,PDF_Page_1,
Bobcat,323,30.0,1.181,108.0,4.252,30.0,1.181,108.0,4.252,123.0,4.843,,,PDF_Page_1,
Bobcat,331,35.0,1.378,135.0,5.315,35.0,1.378,135.0,5.315,200.0,7.874,,,PDF_Page_1,
Bobcat,337,45.0,1.772,152.4,6.0,45.0,1.772,95.25,3.75,220.0,8.661,,,PDF_Page_1,
Bobcat,341,45.0,1.772,152.4,6.0,45.0,1.772,95.25,3.75,218.948,8.62,,,PDF_Page_1,
Bobcat,430,35.0,1.378,135.0,5.315,35.0,1.378,135.0,5.315,200.0,7.874,,,PDF_Page_1,
Bobcat,435,45.0,1.772,160.0,6.299,45.0,1.772,160.0,6.299,220.0,8.661,,,PDF_Page_1,
Bobcat,442,50.0,1.969,184.912,7.28,50.0,1.969,184.912,7.28,274.828,10.82,,,PDF_Page_1,
Bobcat,730,38.1,1.5,202.0,7.953,38.1,1.5,202.0,7.953,244.0,9.606,,,PDF_Page_1,
Bobcat,753,38.1,1.5,202.0,7.953,38.1,1.5,202.0,7.953,244.0,9.606,,,PDF_Page_1,
Bobcat,X320,30.0,1.181,105.0,4.134,30.0,1.181,105.0,4.134,120.0,4.724,,,PDF_Page_1,
Bobcat,X322,30.0,1.181,105.0,4.134,30.0,1.181,105.0,4.134,120.0,4.724,,,PDF_Page_1,
Bobcat,X325,35.0,1.378,135.0,5.315,35.0,1.378,135.0,5.315,165.0,6.496,,,PDF_Page_1,
Bobcat,X328,35.0,1.378,135.0,5.315,35.0,1.378,135.0,5.315,165.0,6.496,,,PDF_Page_1,
Bobcat,X331,35.0,1.378,135.0,5.315,35.0,1.378,135.0,5.315,165.0,6.496,,,PDF_Page_1,
Bobcat,X335,45.0,1.772,160.0,6.299,45.0,1.772,160.0,6.299,220.0,8.661,,,PDF_Page_1,
Bobcat,X337,45.0,1.772,160.0,6.299,45.0,1.772,160.0,6.299,220.0,8.661,,,PDF_Page_1,
Bobcat,X341,45.0,1.772,160.0,6.299,45.0,1.772,160.0,6.299,220.0,8.661,,,PDF_Page_1,
Bobcat,X442,50.0,1.969,180.0,7.087,50.0,1.969,175.0,6.89,275.0,10.827,,,PDF_Page_1,
Bobcat,ZX125,50.0,1.969,220.98,8.7,50.0,1.969,221.234,8.71,289.814,11.41,,,PDF_Page_1,
Case,220,100.0,3.937,610.0,24.016,85.0,3.346,610.0,24.016,433.0,17.047,522.0,20.551,PDF_Page_2,Multiple pin centers
Case,488,50.0,1.969,170.0,6.693,50.0,1.969,170.0,6.693,390.0,15.354,,,PDF_Page_2,
Case,528,50.0,1.969,250.0,9.843,45.0,1.772,205.0,8.071,370.0,14.567,,,PDF_Page_2,
Case,580K,38.1,1.5,133.0,5.236,44.45,1.75,260.0,10.236,356.0,14.016,,,PDF_Page_2,
Case,580M,44.45,1.75,254.0,10.0,38.1,1.5,127.0,5.0,353.822,13.93,,,PDF_Page_2,
Case,580M Series 2,44.45,1.75,254.0,10.0,38.1,1.5,127.0,5.0,353.822,13.93,,,PDF_Page_2,
Case,580M Super M,44.45,1.75,254.0,10.0,38.1,1.5,127.0,5.0,353.822,13.93,,,PDF_Page_2,
Case,580M Super M Series 2,44.45,1.75,254.0,10.0,38.1,1.5,127.0,5.0,353.822,13.93,,,PDF_Page_2,
Case,580SK,38.1,1.5,133.0,5.236,44.45,1.75,260.0,10.236,356.0,14.016,,,PDF_Page_2,
Case,580SLE,38.1,1.5,133.0,5.236,44.45,1.75,260.0,10.236,256.0,10.079,,,PDF_Page_2,
Case,590M Super M,44.45,1.75,254.0,10.0,38.1,1.5,127.0,5.0,353.822,13.93,,,PDF_Page_2,
Case,590M Super M Series 2,44.45,1.75,254.0,10.0,38.1,1.5,127.0,5.0,353.822,13.93,,,PDF_Page_2,
Case,695,45.0,1.772,202.0,7.953,45.0,1.772,202.0,7.953,389.0,15.315,,,PDF_Page_2,
Case,888,60.0,2.362,255.0,10.039,60.0,2.362,255.0,10.039,370.0,14.567,430.0,16.929,PDF_Page_2,Multiple pin centers
Case,988,60.0,2.362,255.0,10.039,60.0,2.362,255.0,10.039,370.0,14.567,430.0,16.929,PDF_Page_2,Multiple pin centers
Case,1288,90.0,3.543,346.0,13.622,90.0,3.543,346.0,13.622,490.0,19.291,380.0,14.961,PDF_Page_2,Multiple pin centers
Case,1488,90.0,3.543,346.0,13.622,90.0,3.543,346.0,13.622,490.0,19.291,380.0,14.961,PDF_Page_2,Multiple pin centers
Case,9007,50.0,1.969,191.0,7.52,50.0,1.969,191.0,7.52,300.0,11.811,,,PDF_Page_2,
Case,9007B,50.0,1.969,189.992,7.48,50.0,1.969,191.008,7.52,299.974,11.81,,,PDF_Page_2,
Case,9013,65.0,2.559,255.0,10.039,65.0,2.559,255.0,10.039,385.0,15.157,,,PDF_Page_2,
Case,9021,80.0,3.15,307.0,12.087,80.0,3.15,307.0,12.087,450.0,17.717,,,PDF_Page_2,
Case,9033,90.0,3.543,401.0,15.787,90.0,3.543,401.0,15.787,565.0,22.244,,,PDF_Page_2,
Case,9045,100.0,3.937,480.0,18.898,100.0,3.937,480.0,18.898,570.0,22.441,,,PDF_Page_2,
Case,9050B,90.0,3.543,400.05,15.75,90.0,3.543,403.098,15.87,565.15,22.25,,,PDF_Page_2,
Case,9060B,100.0,3.937,478.79,18.85,100.0,3.937,479.806,18.89,569.976,22.44,,,PDF_Page_2,
Case,CK15,25.0,0.984,95.0,3.74,25.0,0.984,95.0,3.74,90.0,3.543,,,PDF_Page_2,
Case,CX14,30.0,1.181,105.0,4.134,30.0,1.181,105.0,4.134,121.0,4.764,,,PDF_Page_2,
Case,CX15,30.0,1.181,105.0,4.134,30.0,1.181,105.0,4.134,121.0,4.764,,,PDF_Page_2,
Case,CX23,35.0,1.378,124.0,4.882,35.0,1.378,124.0,4.882,180.0,7.087,,,PDF_Page_2,
Case,CX25,35.0,1.378,123.0,4.843,35.0,1.378,123.0,4.843,180.0,7.087,,,PDF_Page_2,
Case,CX28,35.0,1.378,124.0,4.882,35.0,1.378,124.0,4.882,180.0,7.087,,,PDF_Page_2,
Case,CX30,35.0,1.378,124.0,4.882,35.0,1.378,124.0,4.882,180.0,7.087,,,PDF_Page_2,
Case,CX31,40.0,1.575,141.0,5.551,40.0,1.575,141.0,5.551,192.0,7.559,,,PDF_Page_2,
Case,CX35,40.0,1.575,127.0,5.0,40.0,1.575,127.0,5.0,191.0,7.52,,,PDF_Page_2,
Case,CX36,40.0,1.575,141.0,5.551,40.0,1.575,141.0,5.551,192.0,7.559,,,PDF_Page_2,
Case,CX36B,40.0,1.575,141.0,5.551,40.0,1.575,141.0,5.551,200.0,7.874,,,PDF_Page_2,
Case,CX47,45.0,1.772,151.0,5.945,45.0,1.772,151.0,5.945,228.0,8.976,,,PDF_Page_2,
Case,CX50B,45.0,1.772,151.0,5.945,45.0,1.772,151.0,5.945,228.0,8.976,,,PDF_Page_2,
Case,CX75SR,50.0,1.969,190.246,7.49,50.0,1.969,192.0,7.559,300.0,11.811,,,PDF_Page_2,
Case,CX80SR,50.0,1.969,192.0,7.559,50.0,1.969,192.0,7.559,300.0,11.811,,,PDF_Page_2,
Case,CX130,65.0,2.559,255.0,10.039,65.0,2.559,255.0,10.039,385.0,15.157,,,PDF_Page_2,
Case,CX135,65.0,2.559,255.0,10.039,65.0,2.559,255.0,10.039,385.0,15.157,,,PDF_Page_2,
Case,CX135SR,65.0,2.559,254.0,10.0,65.0,2.559,255.016,10.04,385.064,15.16,,,PDF_Page_2,
Case,CX160,80.0,3.15,300.0,11.811,80.0,3.15,300.0,11.811,435.0,17.126,,,PDF_Page_2,
Case,CX210,80.0,3.15,307.0,12.087,80.0,3.15,307.0,12.087,450.0,17.717,,,PDF_Page_2,
Case,CX210B,80.0,3.15,307.0,12.087,80.0,3.15,307.0,12.087,451.0,17.756,,,PDF_Page_2,
Case,CX225SR,80.0,3.15,307.0,12.087,80.0,3.15,307.0,12.087,450.0,17.717,,,PDF_Page_2,
Case,CX240,90.0,3.543,326.0,12.835,90.0,3.543,326.0,12.835,468.0,18.425,,,PDF_Page_2,
Case,CX290,90.0,3.543,326.0,12.835,90.0,3.543,326.0,12.835,468.0,18.425,,,PDF_Page_2,
Case,CX330,90.0,3.543,401.0,15.787,90.0,3.543,401.0,15.787,535.0,21.063,,,PDF_Page_2,
Case,CX460,100.0,3.937,480.0,18.898,100.0,3.937,480.0,18.898,570.0,22.441,,,PDF_Page_2,
Case,CX800,130.0,5.118,577.0,22.72,130.0,5.118,577.0,22.72,675.0,26.57,,,PDF_Page_2,
Caterpillar,205,60.0,2.362,288.0,11.339,60.0,2.362,288.0,11.339,340.0,13.386,,,PDF_Page_2,
Caterpillar,206,60.0,2.362,288.0,11.339,60.0,2.362,288.0,11.339,340.0,13.386,,,PDF_Page_2,
Caterpillar,211,60.0,2.362,288.0,11.339,60.0,2.362,288.0,11.339,340.0,13.386,,,PDF_Page_2,
Caterpillar,212,60.0,2.362,288.0,11.339,60.0,2.362,288.0,11.339,340.0,13.386,,,PDF_Page_2,
Caterpillar,225,76.2,3.0,285.0,11.22,76.2,3.0,285.0,11.22,405.0,15.945,,,PDF_Page_2,
Caterpillar,225D,88.9,3.5,285.0,11.22,76.2,3.0,285.0,11.22,405.0,15.945,,,PDF_Page_2,
Caterpillar,229D,88.9,3.5,285.0,11.22,76.2,3.0,285.0,11.22,405.0,15.945,,,PDF_Page_2,
Caterpillar,235,88.9,3.5,385.0,15.157,88.9,3.5,385.0,15.157,535.0,21.063,,,PDF_Page_2,
Caterpillar,245 LME,127.0,5.0,495.3,19.5,127.0,5.0,508.0,20.0,,,,,PDF_Page_2,Missing pin centers
Caterpillar,301.5,30.0,1.181,105.0,4.134,30.0,1.181,105.0,4.134,126.5,4.98,,,PDF_Page_2,
Caterpillar,301.8,30.0,1.181,105.0,4.134,30.0,1.181,105.0,4.134,126.5,4.98,,,PDF_Page_3,
Caterpillar,302.5,35.0,1.378,135.0,5.315,35.0,1.378,135.0,5.315,165.0,6.496,,,PDF_Page_3,
Caterpillar,303.5,40.0,1.575,135.0,5.315,40.0,1.575,135.0,5.315,200.0,7.874,763.0,30.039,PDF_Page_3,
Caterpillar,303CR-ISJ,40.0,1.575,135.0,5.315,40.0,1.575,135.0,5.315,200.0,7.874,695.0,27.362,PDF_Page_3,
Caterpillar,303CR-OSJ,40.0,1.575,135.0,5.315,40.0,1.575,135.0,5.315,200.0,7.874,763.0,30.039,PDF_Page_3,
Caterpillar,304.5,40.0,1.575,156.0,6.142,40.0,1.575,156.0,6.142,260.0,10.236,,,PDF_Page_3,
Caterpillar,304CR-ISJ,45.0,1.772,156.0,6.142,45.0,1.772,156.0,6.142,260.0,10.236,,,PDF_Page_3,
Caterpillar,304CR-OSJ,40.0,1.575,156.0,6.142,40.0,1.575,156.0,6.142,260.0,10.236,,,PDF_Page_3,
Caterpillar,305CR,40.0,1.575,159.004,6.26,40.0,1.575,159.004,6.26,228.6,9.0,,,PDF_Page_3,
Caterpillar,305CR-ISJ,45.0,1.772,156.0,6.142,45.0,1.772,156.0,6.142,260.0,10.236,,,PDF_Page_3,
Caterpillar,305CR-OSJ,40.0,1.575,156.0,6.142,40.0,1.575,156.0,6.142,260.0,10.236,,,PDF_Page_3,
Caterpillar,304C CR,45.0,1.772,155.448,6.12,45.0,1.772,155.956,6.14,259.842,10.23,,,PDF_Page_3,
Caterpillar,305C CR,45.0,1.772,155.448,6.12,45.0,1.772,156.0,6.142,259.842,10.23,,,PDF_Page_3,
Caterpillar,307,45.0,1.772,185.0,7.283,45.0,1.772,185.0,7.283,305.0,12.008,,,PDF_Page_3,
Caterpillar,307C,45.0,1.772,184.912,7.28,45.0,1.772,184.912,7.28,306.07,12.05,,,PDF_Page_3,
Caterpillar,308,45.0,1.772,186.0,7.323,45.0,1.772,186.0,7.323,306.0,12.047,,,PDF_Page_3,
Caterpillar,308C,45.0,1.772,184.912,7.28,45.0,1.772,184.912,7.28,306.07,12.05,,,PDF_Page_3,
Caterpillar,308D,50.0,1.969,201.0,7.913,50.0,1.969,201.0,7.913,305.0,12.008,,,PDF_Page_3,
Caterpillar,308e2cr,50.0,1.969,203.0,7.992,50.0,1.969,203.0,7.992,308.0,12.126,,,PDF_Page_3,
Hitachi,Zaxis 670LCH-3 H Arm,120.0,4.724,525.0,20.669,130.0,5.118,525.0,20.669,666.0,26.22,,,PDF_Page_11,
Hitachi,Zaxis 800 & BE,130.0,5.118,557.022,21.93,130.0,5.118,557.022,21.93,675.894,26.61,,,PDF_Page_11,
Hitachi,Zaxis 850-3 BE Arm,130.0,5.118,555.0,21.85,140.0,5.512,555.0,21.85,697.0,27.441,,,PDF_Page_11,
Hitachi,Zaxis 850-3 H Arm,130.0,5.118,555.0,21.85,140.0,5.512,555.0,21.85,676.0,26.614,,,PDF_Page_11,
Hitachi,Zaxis 850LC-3,130.0,5.118,557.022,21.93,130.0,5.118,557.022,21.93,675.894,26.61,,,PDF_Page_11,
Hitachi,Zaxis 850-LC-3 BE Arm,130.0,5.118,555.0,21.85,140.0,5.512,555.0,21.85,697.0,27.441,,,PDF_Page_11,
Hitachi,Zaxis 850-LC-3 H Arm,130.0,5.118,555.0,21.85,140.0,5.512,555.0,21.85,676.0,26.614,,,PDF_Page_11,
Hitachi,Zaxis 870H-3 BE Arm,130.0,5.118,555.0,21.85,140.0,5.512,555.0,21.85,697.0,27.441,,,PDF_Page_11,
Hitachi,Zaxis 870H-3 H Arm,130.0,5.118,555.0,21.85,140.0,5.512,555.0,21.85,676.0,26.614,,,PDF_Page_11,
Hitachi,Zaxis 870LCH-3 BE Arm,130.0,5.118,555.0,21.85,140.0,5.512,555.0,21.85,697.0,27.441,,,PDF_Page_11,
Hitachi,Zaxis 870LCH-3 H Arm,130.0,5.118,555.0,21.85,140.0,5.512,555.0,21.85,676.0,26.614,,,PDF_Page_11,
Hitachi,Zaxis 870LCR-3 BE Arm,130.0,5.118,555.0,21.85,140.0,5.512,555.0,21.85,697.0,27.441,,,PDF_Page_11,
Hitachi,Zaxis 870LCR-3 H Arm,130.0,5.118,555.0,21.85,140.0,5.512,555.0,21.85,676.0,26.614,,,PDF_Page_11,
Hitachi,Zaxis 870R-3 BE Arm,130.0,5.118,555.0,21.85,140.0,5.512,555.0,21.85,697.0,27.441,,,PDF_Page_11,
Hitachi,Zaxis 870R-3 H Arm,130.0,5.118,555.0,21.85,140.0,5.512,555.0,21.85,676.0,26.614,,,PDF_Page_11,
Hyundai,R 16-7,30.0,1.181,105.0,4.134,30.0,1.181,105.0,4.134,126.4,4.976,,,PDF_Page_11,
Hyundai,R 55,45.0,1.772,167.0,6.575,45.0,1.772,167.0,6.575,230.0,9.055,,,PDF_Page_11,
Hyundai,R 55-3,45.0,1.772,167.0,6.575,45.0,1.772,167.0,6.575,230.0,9.055,,,PDF_Page_11,
Hyundai,R 55-7,45.0,1.772,167.0,6.575,45.0,1.772,167.0,6.575,284.5,11.201,,,PDF_Page_11,
Hyundai,R 55S,45.0,1.772,165.0,6.496,45.0,1.772,165.0,6.496,230.0,9.055,,,PDF_Page_11,
Hyundai,R 80-7,55.0,2.165,195.0,7.677,55.0,2.165,195.0,7.677,275.5,10.846,,,PDF_Page_11,
Hyundai,R 95W-3,55.0,2.165,225.0,8.858,55.0,2.165,225.0,8.858,308.0,12.126,,,PDF_Page_11,
Hyundai,R120,65.0,2.559,260.0,10.236,65.0,2.559,260.0,10.236,390.0,15.354,,,PDF_Page_11,
Hyundai,R130LC,65.0,2.559,260.0,10.236,65.0,2.559,260.0,10.236,396.0,15.591,,,PDF_Page_11,
Hyundai,R130W,65.0,2.559,260.0,10.236,65.0,2.559,260.0,10.236,390.0,15.354,,,PDF_Page_11,
Hyundai,R130LC-3,65.0,2.559,260.0,10.236,65.0,2.559,260.0,10.236,390.0,15.354,,,PDF_Page_11,
Hyundai,R140LC-7,65.0,2.559,258.064,10.16,65.0,2.559,260.096,10.24,389.89,15.35,,,PDF_Page_11,
Hyundai,R160LC-3,70.0,2.756,305.816,12.04,70.0,2.756,308.102,12.13,409.956,16.14,,,PDF_Page_11,
Hyundai,R170W,70.0,2.756,308.0,12.126,70.0,2.756,308.0,12.126,411.7,16.209,,,PDF_Page_11,
Hyundai,R180LC-3,70.0,2.756,306.07,12.05,70.0,2.756,308.102,12.13,409.956,16.14,,,PDF_Page_11,
Hyundai,R200LC,70.0,2.756,332.0,13.071,70.0,2.756,332.0,13.071,460.0,18.11,,,PDF_Page_11,
Hyundai,R200W,70.0,2.756,332.0,13.071,70.0,2.756,332.0,13.071,460.0,18.11,,,PDF_Page_11,
Hyundai,R210LC-3,70.0,2.756,332.0,13.071,70.0,2.756,332.0,13.071,460.0,18.11,,,PDF_Page_11,
Hyundai,R210LC-7,80.0,3.15,332.0,13.071,80.0,3.15,332.0,13.071,460.0,18.11,,,PDF_Page_11,
Hyundai,R250LC-3,80.0,3.15,400.0,15.748,80.0,3.15,400.0,15.748,510.0,20.079,,,PDF_Page_11,
Hyundai,R250LC-7,90.0,3.543,400.0,15.748,90.0,3.543,400.0,15.748,510.0,20.079,,,PDF_Page_11,
Hyundai,R280LC,80.0,3.15,390.0,15.354,80.0,3.15,390.0,15.354,510.0,20.079,,,PDF_Page_11,
Hyundai,R290LC,80.0,3.15,400.0,15.748,80.0,3.15,400.0,15.748,510.0,20.079,,,PDF_Page_11,
Hyundai,R290LC-3,80.0,3.15,400.0,15.748,80.0,3.15,400.0,15.748,510.0,20.079,,,PDF_Page_11,
Hyundai,R290LC-3LR,80.0,3.15,398.018,15.67,80.0,3.15,400.05,15.75,510.032,20.08,,,PDF_Page_11,
Hyundai,R290LC-7,90.0,3.543,400.0,15.748,90.0,3.543,400.0,15.748,510.0,20.079,,,PDF_Page_11,
Hyundai,R320L,100.0,3.937,432.0,17.008,100.0,3.937,432.0,17.008,550.0,21.654,,,PDF_Page_11,
Hyundai,R320LC-3,100.0,3.937,432.0,17.008,100.0,3.937,432.0,17.008,550.0,21.654,,,PDF_Page_11,
Hyundai,R360LC,100.0,3.937,432.0,17.008,100.0,3.937,432.0,17.008,550.0,21.654,,,PDF_Page_12,
Hyundai,R360LC-3,100.0,3.937,429.768,16.92,100.0,3.937,432.054,17.01,549.91,21.65,,,PDF_Page_12,
Hyundai,R420LC,100.0,3.937,376.0,14.803,100.0,3.937,376.0,14.803,537.0,21.142,,,PDF_Page_12,
Hyundai,R450LC-3,100.0,3.937,376.0,14.803,100.0,3.937,376.0,14.803,537.0,21.142,,,PDF_Page_12,
Hyundai,R450LC-7,100.0,3.937,432.0,17.008,100.0,3.937,432.0,17.008,577.0,22.717,,,PDF_Page_12,
IHI,07FG/J,25.0,0.984,96.0,3.78,25.0,0.984,96.0,3.78,,,,,PDF_Page_12,Missing pin centers
IHI,10F/G/J,30.0,1.181,105.0,4.134,30.0,1.181,105.0,4.134,,,,,PDF_Page_12,Missing pin centers
IHI,12F/G/J,30.0,1.181,105.0,4.134,30.0,1.181,105.0,4.134,,,,,PDF_Page_12,Missing pin centers
IHI,18J,30.0,1.181,105.0,4.134,30.0,1.181,105.0,4.134,107.0,4.213,,,PDF_Page_12,
IHI,25G/H/J,35.0,1.378,123.0,4.843,35.0,1.378,123.0,4.843,186.0,7.323,,,PDF_Page_12,
IHI,28G/H/J,35.0,1.378,123.0,4.843,35.0,1.378,123.0,4.843,186.0,7.323,,,PDF_Page_12,
IHI,30G/H/J,35.0,1.378,123.0,4.843,35.0,1.378,123.0,4.843,186.0,7.323,,,PDF_Page_12,
IHI,30NX,35.0,1.378,123.0,4.843,35.0,1.378,123.0,4.843,187.0,7.362,,,PDF_Page_12,
IHI,35J,40.0,1.575,125.0,4.921,40.0,1.575,125.0,4.921,191.6,7.543,,,PDF_Page_12,
IHI,35G/H/J,40.0,1.575,125.0,4.921,40.0,1.575,125.0,4.921,191.0,7.52,,,PDF_Page_12,
IHI,35NX,40.0,1.575,125.0,4.921,40.0,1.575,125.0,4.921,191.6,7.543,,,PDF_Page_12,
IHI,40G/H/J,45.0,1.772,150.0,5.906,45.0,1.772,150.0,5.906,218.0,8.583,,,PDF_Page_12,
IHI,45J,45.0,1.772,150.0,5.906,45.0,1.772,150.0,5.906,218.0,8.583,,,PDF_Page_12,
IHI,45NX,45.0,1.772,150.114,5.91,45.0,1.772,150.114,5.91,,,,,PDF_Page_12,Missing pin centers
IHI,50,50.0,1.969,160.0,6.299,50.0,1.969,160.0,6.299,236.0,9.291,,,PDF_Page_12,
IHI,55J,50.0,1.969,160.0,6.299,50.0,1.969,160.0,6.299,236.0,9.291,,,PDF_Page_12,
IHI,65UJ,50.0,1.969,160.0,6.299,50.0,1.969,160.0,6.299,235.0,9.252,,,PDF_Page_12,
IHI,70Z,50.0,1.969,160.02,6.3,50.0,1.969,160.02,6.3,238.506,9.39,,,PDF_Page_12,
IHI,80NX,50.0,1.969,160.02,6.3,50.0,1.969,160.02,6.3,235.458,9.27,,,PDF_Page_12,
JCB,210S SERIES 2,30.0,1.181,165.1,6.5,30.0,1.181,165.1,6.5,,,,,PDF_Page_12,Missing pin centers
JCB,212S SERIES 2,30.0,1.181,165.1,6.5,30.0,1.181,168.148,6.62,231.648,9.12,,,PDF_Page_12,
JCB,217S,45.0,1.772,165.1,6.5,45.0,1.772,165.1,6.5,,,,,PDF_Page_12,Missing pin centers
JCB,801,25.0,0.984,95.0,3.74,25.0,0.984,95.0,3.74,90.0,3.543,,,PDF_Page_12,
JCB,801.4,25.0,0.984,95.0,3.74,25.0,0.984,95.0,3.74,90.0,3.543,,,PDF_Page_12,
JCB,802,35.0,1.378,135.0,5.315,35.0,1.378,135.0,5.315,132.0,5.197,,,PDF_Page_12,
JCB,803,35.0,1.378,135.0,5.315,35.0,1.378,135.0,5.315,132.0,5.197,,,PDF_Page_12,
JCB,804,35.0,1.378,135.0,5.315,35.0,1.378,135.0,5.315,132.0,5.197,,,PDF_Page_12,
JCB,802 1986 Model,38.1,1.5,135.0,5.315,38.1,1.5,135.0,5.315,175.0,6.89,,,PDF_Page_12,
JCB,805-2,44.45,1.75,165.1,6.5,44.45,1.75,165.1,6.5,343.0,13.504,,,PDF_Page_12,
JCB,806-2,44.45,1.75,165.1,6.5,44.45,1.75,165.1,6.5,343.0,13.504,,,PDF_Page_12,
JCB,805B,63.5,2.5,247.65,9.75,63.5,2.5,247.65,9.75,405.0,15.945,,,PDF_Page_12,
JCB,814S,63.5,2.5,247.65,9.75,63.5,2.5,247.65,9.75,405.0,15.945,,,PDF_Page_12,
JCB,8018,25.0,0.984,95.0,3.74,25.0,0.984,95.0,3.74,90.0,3.543,,,PDF_Page_12,
JCB,8025,35.0,1.378,136.0,5.354,35.0,1.378,136.0,5.354,130.0,5.118,,,PDF_Page_12,
JCB,8027,35.0,1.378,136.0,5.354,35.0,1.378,136.0,5.354,125.0,4.921,,,PDF_Page_12,
JCB,8030,35.0,1.378,136.0,5.354,35.0,1.378,136.0,5.354,125.0,4.921,,,PDF_Page_12,
JCB,8040Z,40.0,1.575,159.0,6.26,40.0,1.575,159.0,6.26,343.0,13.504,,,PDF_Page_12,
JCB,8045Z,40.0,1.575,159.0,6.26,40.0,1.575,159.0,6.26,343.0,13.504,,,PDF_Page_12,
JCB,8052,44.45,1.75,168.0,6.614,44.45,1.75,168.0,6.614,343.0,13.504,,,PDF_Page_12,
JCB,8060,44.45,1.75,168.0,6.614,44.45,1.75,168.0,6.614,343.0,13.504,,,PDF_Page_12,
JCB,8080ZTS,45.0,1.772,171.45,6.75,45.0,1.772,171.45,6.75,355.6,14.0,,,PDF_Page_12,
JCB,1CX,35.0,1.378,136.0,5.354,35.0,1.378,136.0,5.354,130.0,5.118,,,PDF_Page_12,
JCB,2CX,31.75,1.25,163.0,6.417,31.75,1.25,160.0,6.299,231.0,9.094,,,PDF_Page_12,
JCB,3CX,44.45,1.75,168.0,6.614,44.45,1.75,168.0,6.614,343.0,13.504,,,PDF_Page_13,
JCB,"3CX 9"" Narrow Setup",44.45,1.75,165.1,6.5,44.45,1.75,165.1,6.5,,,,,PDF_Page_13,Missing pin centers
JCB,3CX Std to Suit G65 Bush,50.8,2.0,174.625,6.88,50.8,2.0,174.625,6.88,343.0,13.504,,,PDF_Page_13,
JCB,3CX std w/o G65 Bush,44.45,1.75,165.1,6.5,44.45,1.75,165.1,6.5,344.0,13.543,,,PDF_Page_13,
JCB,4CX,44.45,1.75,168.0,6.614,44.45,1.75,168.0,6.614,343.0,13.504,,,PDF_Page_13,
JCB,JS 70,50.0,1.969,191.0,7.52,50.0,1.969,191.0,7.52,300.0,11.811,,,PDF_Page_13,
JCB,JS110,65.0,2.559,255.0,10.039,65.0,2.559,255.0,10.039,385.0,15.157,,,PDF_Page_13,
JCB,JS130,65.0,2.559,255.0,10.039,65.0,2.559,255.0,10.039,385.0,15.157,,,PDF_Page_13,
JCB,JS150LC,80.0,3.15,301.0,11.85,80.0,3.15,301.0,11.85,435.0,17.126,,,PDF_Page_13,
JCB,JS160,80.0,3.15,301.0,11.85,80.0,3.15,301.0,11.85,435.0,17.126,,,PDF_Page_13,
JCB,JS160LC,80.0,3.15,301.0,11.85,80.0,3.15,301.0,11.85,435.0,17.126,,,PDF_Page_13,
JCB,JS180,80.0,3.15,301.0,11.85,80.0,3.15,301.0,11.85,435.0,17.126,,,PDF_Page_13,
JCB,JS200,80.0,3.15,307.0,12.087,80.0,3.15,307.0,12.087,450.0,17.717,,,PDF_Page_13,
JCB,JS200LC,80.0,3.15,307.0,12.087,80.0,3.15,307.0,12.087,450.0,17.717,,,PDF_Page_13,
JCB,JS210,80.0,3.15,307.0,12.087,80.0,3.15,307.0,12.087,450.0,17.717,,,PDF_Page_13,
JCB,JS220,80.0,3.15,307.0,12.087,80.0,3.15,307.0,12.087,450.0,17.717,,,PDF_Page_13,
JCB,JS220LC,80.0,3.15,307.0,12.087,80.0,3.15,307.0,12.087,450.0,17.717,,,PDF_Page_13,
JCB,JS235,80.0,3.15,307.0,12.087,80.0,3.15,307.0,12.087,450.0,17.717,,,PDF_Page_13,
JCB,JS240,90.0,3.543,326.0,12.835,90.0,3.543,326.0,12.835,460.0,18.11,,,PDF_Page_13,
JCB,JS240LC,90.0,3.543,326.0,12.835,90.0,3.543,326.0,12.835,460.0,18.11,,,PDF_Page_13,
JCB,JS260,90.0,3.543,326.0,12.835,90.0,3.543,326.0,12.835,460.0,18.11,,,PDF_Page_13,
JCB,JS260LC,90.0,3.543,326.0,12.835,90.0,3.543,326.0,12.835,460.0,18.11,,,PDF_Page_13,
JCB,JS300,90.0,3.543,401.0,15.787,90.0,3.543,401.0,15.787,565.0,22.244,,,PDF_Page_13,
JCB,JS330,90.0,3.543,401.0,15.787,90.0,3.543,401.0,15.787,565.0,22.244,,,PDF_Page_13,
JCB,JS450,100.0,3.937,480.0,18.898,100.0,3.937,480.0,18.898,570.0,22.441,,,PDF_Page_13,
JCB,JZ 70,50.0,1.969,191.0,7.52,50.0,1.969,191.0,7.52,300.0,11.811,,,PDF_Page_13,
JCB,JZ140,65.0,2.559,255.0,10.039,65.0,2.559,255.0,10.039,385.0,15.157,,,PDF_Page_13,
John Deere,75C,50.0,1.969,199.898,7.87,50.0,1.969,202.438,7.97,309.88,12.2,,,PDF_Page_13,
John Deere,80C,50.0,1.969,199.898,7.87,50.0,1.969,202.438,7.97,309.88,12.2,,,PDF_Page_13,
John Deere,120C,65.0,2.559,254.0,10.0,65.0,2.559,254.0,10.0,361.95,14.25,,,PDF_Page_13,
John Deere,135C RTS,65.0,2.559,254.0,10.0,65.0,2.559,256.54,10.1,361.95,14.25,,,PDF_Page_13,
John Deere,160C LC,80.0,3.15,304.8,12.0,80.0,3.15,307.086,12.09,390.906,15.39,,,PDF_Page_13,
John Deere,200C LC,80.0,3.15,304.8,12.0,80.0,3.15,307.086,12.09,471.932,18.58,,,PDF_Page_13,
John Deere,200D LC,80.0,3.15,304.8,12.0,80.0,3.15,307.086,12.09,471.932,18.58,,,PDF_Page_13,
John Deere,225C LC RTS,80.0,3.15,305.054,12.01,80.0,3.15,307.086,12.09,475.996,18.74,,,PDF_Page_13,
John Deere,240D LC,90.0,3.543,408.432,16.08,90.0,3.543,409.956,16.14,474.98,18.7,,,PDF_Page_13,
John Deere,270D LC,90.0,3.543,408.432,16.08,90.0,3.543,409.956,16.14,474.98,18.7,,,PDF_Page_13,
John Deere,310G Std or Ext Stick,45.0,1.772,207.01,8.15,,,206.756,8.14,340.106,13.39,,,PDF_Page_13,
John Deere,310SG Std or Ext Stick,55.0,2.165,207.01,8.15,50.0,1.969,207.01,8.15,304.038,11.97,,,PDF_Page_13,
John Deere,315,38.1,1.5,248.0,9.764,44.45,1.75,208.0,8.189,356.0,14.016,,,PDF_Page_13,
John Deere,315D,38.1,1.5,248.0,9.764,44.45,1.75,208.0,8.189,356.0,14.016,,,PDF_Page_13,
John Deere,315SG,55.0,2.165,207.01,8.15,50.0,1.969,207.01,8.15,304.038,11.97,,,PDF_Page_13,
John Deere,350D LC,100.0,3.937,418.084,16.46,100.0,3.937,420.116,16.54,584.962,23.03,,,PDF_Page_14,
John Deere,370C,100.0,3.937,418.084,16.46,100.0,3.937,420.116,16.54,584.962,23.03,,,PDF_Page_14,
John Deere,400 Series,38.1,1.5,248.0,9.764,44.45,1.75,210.0,8.268,260.0,10.236,,,PDF_Page_14,
John Deere,410G Std or Ext Stick,55.0,2.165,207.01,8.15,50.0,1.969,207.01,8.15,304.038,11.97,,,PDF_Page_14,
John Deere,410J,55.0,2.165,207.01,8.15,50.0,1.969,207.01,8.15,304.038,11.97,,,PDF_Page_14,
John Deere,450DLC,110.0,4.331,469.9,18.5,110.0,4.331,471.932,18.58,572.008,22.52,,,PDF_Page_14,
John Deere,600CLC & ME,120.0,4.724,511.048,20.12,120.0,4.724,511.048,20.12,620.014,24.41,,,PDF_Page_14,
John Deere,710G Std or Ext Stick,63.0,2.48,222.25,8.75,63.0,2.48,215.9,8.5,332.74,13.1,,,PDF_Page_14,
John Deere,710J Std or Ext Stick,63.0,2.48,222.25,8.75,63.0,2.48,215.9,8.5,332.74,13.1,,,PDF_Page_14,
John Deere,800 C & ME,130.0,5.118,557.022,21.93,130.0,5.118,557.022,21.93,675.894,26.61,,,PDF_Page_14,
Kato,140,50.0,1.969,162.0,6.378,50.0,1.969,162.0,6.378,271.0,10.669,,,PDF_Page_16,
Kato,180,50.0,1.969,162.0,6.378,50.0,1.969,162.0,6.378,365.0,14.37,,,PDF_Page_16,
Kato,180G,50.0,1.969,162.0,6.378,50.0,1.969,162.0,6.378,300.0,11.811,,,PDF_Page_16,
Kato,250,55.0,2.165,190.0,7.48,55.0,2.165,190.0,7.48,320.0,12.598,,,PDF_Page_16,
Kato,350,55.0,2.165,292.0,11.496,55.0,2.165,292.0,11.496,453.0,17.835,,,PDF_Page_16,
Kato,400SE,55.0,2.165,292.0,11.496,55.0,2.165,292.0,11.496,390.0,15.354,,,PDF_Page_16,
Kato,450,55.0,2.165,292.0,11.496,55.0,2.165,292.0,11.496,407.0,16.024,,,PDF_Page_16,
Kato,450SEV,55.0,2.165,292.0,11.496,55.0,2.165,292.0,11.496,390.0,15.354,,,PDF_Page_16,
Kato,550G,55.0,2.165,292.0,11.496,55.0,2.165,292.0,11.496,453.0,17.835,,,PDF_Page_16,
Kato,550SE,55.0,2.165,292.0,11.496,55.0,2.165,292.0,11.496,428.0,16.85,,,PDF_Page_16,
Kato,550SEV,60.0,2.362,292.0,11.496,60.0,2.362,292.0,11.496,407.0,16.024,,,PDF_Page_16,
Kato,700,70.0,2.756,325.0,12.795,70.0,2.756,325.0,12.795,510.0,20.079,,,PDF_Page_16,
Kato,800,70.0,2.756,325.0,12.795,70.0,2.756,325.0,12.795,525.0,20.669,,,PDF_Page_16,
Kato,820,80.0,3.15,305.0,12.008,80.0,3.15,305.0,12.008,510.0,20.079,,,PDF_Page_16,
Kato,1800,90.0,3.543,450.0,17.717,90.0,3.543,450.0,17.717,550.0,21.654,,,PDF_Page_16,
Kato,1220SE2,90.0,3.543,328.0,12.913,,,,,,,,,PDF_Page_16,Missing data
Komatsu,PC228USLC-1,80.0,3.15,324.866,12.79,80.0,3.15,324.866,12.79,458.216,18.04,,,PDF_Page_21,
Komatsu,PC228USLC-2,80.0,3.15,324.866,12.79,80.0,3.15,324.866,12.79,458.216,18.04,,,PDF_Page_21,
Komatsu,PC228USLC-3,80.0,3.15,324.866,12.79,80.0,3.15,324.866,12.79,458.216,18.04,,,PDF_Page_21,
Komatsu,PC240,80.0,3.15,326.0,12.835,80.0,3.15,326.0,12.835,446.0,17.559,,,PDF_Page_21,
Komatsu,PC250-6,80.0,3.15,324.866,12.79,80.0,3.15,327.406,12.89,446.278,17.57,,,PDF_Page_21,
Komatsu,PC270,80.0,3.15,326.0,12.835,80.0,3.15,326.0,12.835,446.0,17.559,,,PDF_Page_21,
Komatsu,PC270LC-6,80.0,3.15,324.866,12.79,80.0,3.15,327.406,12.89,446.278,17.57,,,PDF_Page_21,
Komatsu,PC270LC-7,80.0,3.15,324.866,12.79,80.0,3.15,327.406,12.89,446.278,17.57,,,PDF_Page_21,
Komatsu,PC280,80.0,3.15,326.0,12.835,80.0,3.15,326.0,12.835,446.0,17.559,,,PDF_Page_21,
Komatsu,PC290,80.0,3.15,326.0,12.835,80.0,3.15,326.0,12.835,512.0,20.157,,,PDF_Page_21,
Komatsu,PC300,90.0,3.543,345.0,13.583,90.0,3.543,345.0,13.583,512.0,20.157,,,PDF_Page_21,
Komatsu,PC300 Mighty,90.0,3.543,346.0,13.622,90.0,3.543,346.0,13.622,513.0,20.197,,,PDF_Page_21,
Komatsu,PC300-3,90.0,3.543,346.0,13.622,90.0,3.543,346.0,13.622,513.0,20.197,,,PDF_Page_21,
Komatsu,PC300-5,90.0,3.543,346.0,13.622,90.0,3.543,346.0,13.622,513.0,20.197,,,PDF_Page_21,
Komatsu,PC300-6,90.0,3.543,342.9,13.5,90.0,3.543,346.0,13.622,513.0,20.197,,,PDF_Page_21,
Komatsu,PC300-7,90.0,3.543,346.0,13.622,90.0,3.543,346.0,13.622,513.0,20.197,,,PDF_Page_21,
Komatsu,PC300HD-6,90.0,3.543,345.948,13.62,90.0,3.543,344.932,13.58,,,,,PDF_Page_21,Missing pin centers
Komatsu,PC300LC-7,90.0,3.543,342.9,13.5,90.0,3.543,345.948,13.62,513.588,20.22,,,PDF_Page_21,
Komatsu,PC308USLC-3,80.0,3.15,324.866,12.79,80.0,3.15,324.866,12.79,446.278,17.57,,,PDF_Page_21,
Komatsu,PC340,90.0,3.543,345.0,13.583,90.0,3.543,345.0,13.583,512.0,20.157,,,PDF_Page_21,
Komatsu,PC350,90.0,3.543,346.0,13.622,90.0,3.543,346.0,13.622,513.0,20.197,,,PDF_Page_21,
Komatsu,PC360,90.0,3.543,346.0,13.622,90.0,3.543,346.0,13.622,513.0,20.197,,,PDF_Page_21,
Komatsu,PC400,100.0,3.937,370.0,14.567,100.0,3.937,370.0,14.567,537.0,21.142,,,PDF_Page_21,
Komatsu,PC400 Mighty,100.0,3.937,372.0,14.646,100.0,3.937,372.0,14.646,537.0,21.142,,,PDF_Page_21,
Komatsu,PC400-3,100.0,3.937,372.0,14.646,100.0,3.937,372.0,14.646,537.0,21.142,,,PDF_Page_21,
Komatsu,PC400-5,100.0,3.937,372.0,14.646,100.0,3.937,372.0,14.646,537.0,21.142,,,PDF_Page_21,
Komatsu,PC400-7,100.0,3.937,369.824,14.56,100.0,3.937,371.094,14.61,536.956,21.14,,,PDF_Page_21,
Komatsu,PC400-8,100.0,3.937,369.824,14.56,100.0,3.937,371.094,14.61,536.956,21.14,,,PDF_Page_21,
Komatsu,PC450,100.0,3.937,372.0,14.646,100.0,3.937,372.0,14.646,537.0,21.142,,,PDF_Page_21,
Komatsu,PC600,115.0,4.528,465.0,18.307,115.0,4.528,467.0,18.386,660.0,25.984,,,PDF_Page_21,
Komatsu,PC600LC-6,115.0,4.528,463.55,18.25,115.0,4.528,455.93,17.95,606.806,23.89,,,PDF_Page_21,
Komatsu,PC600LC-7,115.0,4.528,463.55,18.25,115.0,4.528,455.93,17.95,606.806,23.89,,,PDF_Page_21,
Komatsu,PC600LC-8,115.0,4.528,463.55,18.25,115.0,4.528,455.93,17.95,606.806,23.89,,,PDF_Page_21,
Komatsu,PC650SE-3,130.0,5.118,441.0,17.362,115.0,4.528,441.0,17.362,700.0,27.559,,,PDF_Page_21,
Komatsu,PC650-6,115.0,4.528,458.0,18.031,115.0,4.528,458.0,18.031,608.0,23.937,,,PDF_Page_21,
Komatsu,PC750-6,130.0,5.118,534.924,21.06,115.0,4.528,518.922,20.43,755.904,29.76,,,PDF_Page_21,
Komatsu,PC750SE-6,130.0,5.118,520.0,20.472,115.0,4.528,520.0,20.472,670.0,26.378,,,PDF_Page_21,
Komatsu,PC800LC-7,130.0,5.118,534.924,21.06,115.0,4.528,518.922,20.43,755.904,29.76,,,PDF_Page_21,
Komatsu,PW 30,35.0,1.378,140.0,5.512,35.0,1.378,140.0,5.512,,,,,PDF_Page_21,Missing pin centers
Komatsu,PW 75,50.0,1.969,162.0,6.378,50.0,1.969,162.0,6.378,,,,,PDF_Page_21,Multiple configs
Komatsu,PW 95,50.0,1.969,162.0,6.378,50.0,1.969,162.0,6.378,,,,,PDF_Page_21,Multiple configs
Komatsu,PW100-1,60.0,2.362,261.0,10.276,60.0,2.362,261.0,10.276,375.0,14.764,,,PDF_Page_21,
Komatsu,PW100-3,60.0,2.362,261.0,10.276,60.0,2.362,261.0,10.276,375.0,14.764,,,PDF_Page_21,
Komatsu,PW210,80.0,3.15,326.0,12.835,80.0,3.15,326.0,12.835,458.0,18.031,,,PDF_Page_22,
Komatsu,SV100,50.0,1.969,200.0,7.874,50.0,1.969,200.0,7.874,312.2,12.291,,,PDF_Page_22,
Komatsu,WB 93-2,45.0,1.772,160.0,6.299,45.0,1.772,160.0,6.299,295.0,11.614,,,PDF_Page_22,
Komatsu,WB 93R-2,40.0,1.575,162.0,6.378,40.0,1.575,162.0,6.378,,,,,PDF_Page_22,Multiple configs
Komatsu,WB 97R-2,40.0,1.575,162.0,6.378,40.0,1.575,162.0,6.378,,,,,PDF_Page_22,Multiple configs
Komatsu,WB 97R-5,45.0,1.772,162.0,6.378,45.0,1.772,162.0,6.378,,,,,PDF_Page_22,Multiple configs
Komatsu,WB140-2 Std or Ext Arm,40.0,1.575,160.02,6.3,40.0,1.575,162.052,6.38,294.894,11.61,,,PDF_Page_22,
Komatsu,"WB146-5,PS-5",50.0,1.969,162.052,6.38,45.0,1.772,162.052,6.38,294.894,11.61,,,PDF_Page_22,
Komatsu,WB150-2 Std or Ext Arm,40.0,1.575,160.02,6.3,40.0,1.575,162.052,6.38,294.894,11.61,,,PDF_Page_22,
Kubota,B 20,25.0,0.984,95.5,3.76,25.0,0.984,95.5,3.76,165.0,6.496,,,PDF_Page_22,
Kubota,B 21,25.0,0.984,95.5,3.76,25.0,0.984,95.5,3.76,165.0,6.496,,,PDF_Page_22,
Kubota,KH 05,25.0,0.984,95.0,3.74,25.0,0.984,95.0,3.74,90.0,3.543,,,PDF_Page_22,
Kubota,KH 12,25.0,0.984,95.5,3.76,25.0,0.984,95.5,3.76,90.0,3.543,,,PDF_Page_22,
Kubota,KH 14,40.0,1.575,135.0,5.315,40.0,1.575,135.0,5.315,171.0,6.732,,,PDF_Page_22,
Kubota,KH 15,40.0,1.575,135.0,5.315,40.0,1.575,135.0,5.315,171.0,6.732,,,PDF_Page_22,
Kubota,KH 35,25.0,0.984,95.0,3.74,25.0,0.984,95.0,3.74,90.0,3.543,,,PDF_Page_22,
Kubota,KH 36,25.0,0.984,95.5,3.76,25.0,0.984,95.5,3.76,90.0,3.543,,,PDF_Page_22,
Kubota,KH 41,25.0,0.984,95.5,3.76,25.0,0.984,95.5,3.76,90.0,3.543,,,PDF_Page_22,
Kubota,KH 51,30.0,1.181,110.0,4.331,30.0,1.181,110.0,4.331,132.0,5.197,,,PDF_Page_22,
Kubota,KH 60,35.0,1.378,135.0,5.315,35.0,1.378,135.0,5.315,131.0,5.157,,,PDF_Page_22,
Kubota,KH 61,35.0,1.378,134.0,5.276,35.0,1.378,134.0,5.276,132.2,5.205,,,PDF_Page_22,
Kubota,KH 66,35.0,1.378,134.0,5.276,35.0,1.378,134.0,5.276,132.2,5.205,,,PDF_Page_22,
Kubota,KH 71,35.0,1.378,134.0,5.276,35.0,1.378,134.0,5.276,132.2,5.205,,,PDF_Page_22,
Kubota,KH 71-2,35.0,1.378,134.0,5.276,35.0,1.378,134.0,5.276,132.2,5.205,,,PDF_Page_22,
Kubota,KH 90,40.0,1.575,135.0,5.315,40.0,1.575,135.0,5.315,171.0,6.732,,,PDF_Page_22,
Kubota,KH 91,40.0,1.575,134.0,5.276,40.0,1.575,134.0,5.276,171.6,6.756,,,PDF_Page_22,
Kubota,KH101,40.0,1.575,134.0,5.276,40.0,1.575,134.0,5.276,171.6,6.756,,,PDF_Page_22,
Kubota,KH151,45.0,1.772,146.0,5.748,45.0,1.772,146.0,5.748,245.0,9.646,,,PDF_Page_22,
Kubota,KH161-3,45.0,1.772,146.0,5.748,45.0,1.772,146.0,5.748,245.0,9.646,,,PDF_Page_22,
Kubota,KH191,45.0,1.772,146.0,5.748,45.0,1.772,146.0,5.748,245.0,9.646,,,PDF_Page_22,
Kubota,KX 30,25.0,0.984,95.5,3.76,25.0,0.984,95.5,3.76,90.0,3.543,,,PDF_Page_22,
Kubota,KX 36,25.0,0.984,95.5,3.76,25.0,0.984,95.5,3.76,90.0,3.543,,,PDF_Page_22,
Kubota,KX 41,25.0,0.984,95.5,3.76,25.0,0.984,95.5,3.76,90.0,3.543,,,PDF_Page_22,
Kubota,KX 41-2,25.0,0.984,95.5,3.76,25.0,0.984,95.5,3.76,90.0,3.543,,,PDF_Page_22,
Kubota,KX 41-3,25.0,0.984,95.5,3.76,25.0,0.984,95.5,3.76,90.0,3.543,,,PDF_Page_22,
Kubota,KX 61,30.0,1.181,110.0,4.331,30.0,1.181,110.0,4.331,132.0,5.197,,,PDF_Page_22,
Kubota,KX 61-2,30.0,1.181,110.0,4.331,30.0,1.181,110.0,4.331,132.0,5.197,,,PDF_Page_22,
Kubota,KX 71,35.0,1.378,134.0,5.276,35.0,1.378,134.0,5.276,132.2,5.205,,,PDF_Page_22,
Kubota,KX 71-2,35.0,1.378,134.0,5.276,35.0,1.378,134.0,5.276,132.2,5.205,,,PDF_Page_23,
Kubota,KX 80-3,60.0,2.362,200.152,7.88,60.0,2.362,200.0,7.874,300.0,11.811,,,PDF_Page_23,
Kubota,KX 91,40.0,1.575,134.0,5.276,40.0,1.575,134.0,5.276,171.6,6.756,,,PDF_Page_23,
Kubota,KX 91-2,40.0,1.575,134.0,5.276,40.0,1.575,134.0,5.276,171.6,6.756,,,PDF_Page_23,
Kubota,KX 91-3,40.0,1.575,136.0,5.354,40.0,1.575,136.0,5.354,186.5,7.343,,,PDF_Page_23,
Kubota,KX101,40.0,1.575,134.0,5.276,40.0,1.575,134.0,5.276,171.6,6.756,,,PDF_Page_23,
Kubota,KX101-3,40.0,1.575,136.0,5.354,40.0,1.575,136.0,5.354,186.5,7.343,,,PDF_Page_23,
Kubota,KX121-2,40.0,1.575,134.0,5.276,40.0,1.575,134.0,5.276,171.6,6.756,,,PDF_Page_23,
Kubota,KX121-3,40.0,1.575,134.0,5.276,40.0,1.575,134.0,5.276,180.0,7.087,,,PDF_Page_23,
Kubota,KX151,45.0,1.772,145.0,5.709,45.0,1.772,145.0,5.709,245.3,9.657,,,PDF_Page_23,
Kubota,KX161-2,45.0,1.772,145.0,5.709,45.0,1.772,145.0,5.709,245.3,9.657,,,PDF_Page_23,
Kubota,KX161-2S,45.0,1.772,,,45.0,1.772,,,243.078,9.57,,,PDF_Page_23,Missing width data
Kubota,KX161-3,45.0,1.772,145.034,5.71,45.0,1.772,145.034,5.71,244.348,9.62,,,PDF_Page_23,
Kubota,KX191,45.0,1.772,146.0,5.748,45.0,1.772,146.0,5.748,245.0,9.646,,,PDF_Page_23,
Kubota,KX251,60.0,2.362,184.0,7.244,60.0,2.362,184.0,7.244,292.0,11.496,,,PDF_Page_23,
Kubota,RX501,45.0,1.772,145.0,5.709,45.0,1.772,145.0,5.709,245.3,9.657,,,PDF_Page_23,
Kubota,U17-3,25.0,0.984,95.5,3.76,25.0,0.984,95.5,3.76,90.0,3.543,,,PDF_Page_23,
Kubota,U20,30.0,1.181,110.0,4.331,30.0,1.181,110.0,4.331,132.0,5.197,,,PDF_Page_23,
Kubota,U25-3,30.0,1.181,109.0,4.291,30.0,1.181,109.0,4.291,139.0,5.472,,,PDF_Page_23,
Kubota,U35,40.0,1.575,136.0,5.354,40.0,1.575,136.0,5.354,186.5,7.343,,,PDF_Page_23,
Kubota,U35-3,40.0,1.575,136.0,5.354,40.0,1.575,136.0,5.354,186.5,7.343,,,PDF_Page_23,
Kubota,U45,45.0,1.772,146.0,5.748,45.0,1.772,146.0,5.748,245.0,9.646,,,PDF_Page_23,
Liebherr,902,60.0,2.362,280.0,11.024,60.0,2.362,280.0,11.024,,,,,PDF_Page_23,Missing pin centers
Liebherr,902 LITRONIC,70.0,2.756,280.0,11.024,60.0,2.362,280.0,11.024,370.0,14.567,,,PDF_Page_23,
Liebherr,911,55.0,2.165,250.0,9.843,50.0,1.969,180.0,7.087,,,,,PDF_Page_23,Missing pin centers
Liebherr,912,60.0,2.362,280.0,11.024,70.0,2.756,280.0,11.024,385.0,15.157,,,PDF_Page_23,
Liebherr,912 LITRONIC,80.0,3.15,320.0,12.598,70.0,2.756,320.0,12.598,420.0,16.535,,,PDF_Page_23,
Liebherr,922,70.0,2.756,480.0,18.898,70.0,2.756,480.0,18.898,,,,,PDF_Page_23,Missing pin centers
Liebherr,932,70.0,2.756,480.0,18.898,70.0,2.756,480.0,18.898,,,,,PDF_Page_23,Missing pin centers
Liebherr,922 LITRONIC,80.0,3.15,320.0,12.598,70.0,2.756,320.0,12.598,420.0,16.535,,,PDF_Page_23,
Liebherr,932 LITRONIC,80.0,3.15,480.0,18.898,70.0,2.756,480.0,18.898,420.0,16.535,,,PDF_Page_23,
Liebherr,934B,70.0,2.756,508.0,20.0,80.0,3.15,508.0,20.0,420.0,16.535,,,PDF_Page_23,
Liebherr,941,70.0,2.756,481.0,18.937,70.0,2.756,373.0,14.685,,,,,PDF_Page_23,Missing pin centers
Liebherr,942,80.0,3.15,481.0,18.937,70.0,2.756,481.0,18.937,,,,,PDF_Page_24,Missing pin centers
Liebherr,952,90.0,3.543,560.0,22.047,80.0,3.15,330.0,12.992,465.0,18.307,,,PDF_Page_24,
Liebherr,954 LITRONIC,90.0,3.543,300.0,11.811,90.0,3.543,275.0,10.827,505.0,19.882,,,PDF_Page_24,Multiple widths
Liebherr,962,90.0,3.543,230.0,9.055,90.0,3.543,245.0,9.646,,,,,PDF_Page_24,"Multiple widths, missing pin centers"
Liebherr,972,90.0,3.543,230.0,9.055,90.0,3.543,245.0,9.646,,,,,PDF_Page_24,"Multiple widths, missing pin centers"
Liebherr,R308,60.0,2.362,219.964,8.66,60.0,2.362,219.964,8.66,,,,,PDF_Page_24,Missing pin centers
Liebherr,R310,60.0,2.362,220.0,8.661,60.0,2.362,220.0,8.661,290.0,11.417,,,PDF_Page_24,
Liebherr,R312,60.0,2.362,280.0,11.024,60.0,2.362,280.0,11.024,330.0,12.992,,,PDF_Page_24,
Liebherr,900 LITRONIC,60.0,2.362,280.0,11.024,60.0,2.362,280.0,11.024,330.0,12.992,,,PDF_Page_24,
Liebherr,R900B LITRONIC,60.0,2.362,276.098,10.87,60.0,2.362,281.432,11.08,329.946,12.99,,,PDF_Page_24,
Liebherr,R904 LITRONIC,70.0,2.756,307.848,12.12,60.0,2.362,307.848,12.12,369.824,14.56,,,PDF_Page_24,
Liebherr,R914 LITRONIC,80.0,3.15,347.98,13.7,70.0,2.756,347.98,13.7,419.862,16.53,,,PDF_Page_24,
Liebherr,R924 LITRONIC,80.0,3.15,347.98,13.7,70.0,2.756,347.98,13.7,419.862,16.53,,,PDF_Page_24,
Liebherr,R934 LITRONIC,80.0,3.15,508.0,20.0,70.0,2.756,508.0,20.0,420.116,16.54,,,PDF_Page_24,
Liebherr,R944 LITRONIC,80.0,3.15,547.878,21.57,80.0,3.15,548.894,21.61,450.088,17.72,,,PDF_Page_24,
Link-Belt,75SA (Mono & Offset),50.0,1.969,189.992,7.48,50.0,1.969,191.008,7.52,299.974,11.81,,,PDF_Page_24,
Link-Belt,80SA,50.0,1.969,189.992,7.48,50.0,1.969,191.008,7.52,299.974,11.81,,,PDF_Page_24,
Link-Belt,130LX,65.0,2.559,254.0,10.0,65.0,2.559,255.016,10.04,385.064,15.16,,,PDF_Page_24,
Link-Belt,135SA,65.0,2.559,254.0,10.0,65.0,2.559,255.016,10.04,385.064,15.16,,,PDF_Page_24,
Link-Belt,160LX,80.0,3.15,299.974,11.81,80.0,3.15,300.99,11.85,434.848,17.12,,,PDF_Page_24,
Link-Belt,160X2,80.0,3.15,299.974,11.81,81.0,3.189,300.99,11.85,434.848,17.12,,,PDF_Page_24,
Link-Belt,210LX,80.0,3.15,306.07,12.05,80.0,3.15,307.086,12.09,451.104,17.76,,,PDF_Page_24,
Link-Belt,225SA,80.0,3.15,306.07,12.05,80.0,3.15,307.086,12.09,444.754,17.51,,,PDF_Page_24,
Link-Belt,240LX,90.0,3.543,324.866,12.79,90.0,3.543,325.882,12.83,459.994,18.11,,,PDF_Page_24,
Link-Belt,290LX,90.0,3.543,325.12,12.8,90.0,3.543,325.882,12.83,459.994,18.11,,,PDF_Page_24,
Link-Belt,330LX,90.0,3.543,399.796,15.74,90.0,3.543,401.066,15.79,534.924,21.06,,,PDF_Page_24,
Link-Belt,460LX,100.0,3.937,479.044,18.86,100.0,3.937,480.06,18.9,569.976,22.44,,,PDF_Page_24,
Link-Belt,800LX,130.0,5.118,576.072,22.68,130.0,5.118,577.088,22.72,674.878,26.57,,,PDF_Page_24,
Link-Belt,1600 QUANTUM,50.0,1.969,189.992,7.48,50.0,1.969,191.008,7.52,299.974,11.81,,,PDF_Page_24,
Link-Belt,2650 QUANTUM,65.0,2.559,254.0,10.0,65.0,2.559,255.524,10.06,385.064,15.16,,,PDF_Page_24,
Link-Belt,2700 QUANTUM,80.0,3.15,299.974,11.81,80.0,3.15,300.99,11.85,435.102,17.13,,,PDF_Page_24,
Link-Belt,2800 QUANTUM,80.0,3.15,306.07,12.05,80.0,3.15,307.086,12.09,439.928,17.32,,,PDF_Page_24,
Link-Belt,3400 QUANTUM,90.0,3.543,324.866,12.79,90.0,3.543,325.882,12.83,459.994,18.11,,,PDF_Page_24,
Link-Belt,3900 QUANTUM,90.0,3.543,324.866,12.79,90.0,3.543,326.136,12.84,459.994,18.11,,,PDF_Page_24,
Link-Belt,4300 QUANTUM,90.0,3.543,401.066,15.79,90.0,3.543,403.098,15.87,564.896,22.24,,,PDF_Page_24,
Link-Belt,5800 QUANTUM,100.0,3.937,478.79,18.85,100.0,3.937,479.806,18.89,569.976,22.44,,,PDF_Page_24,
Link-Belt,8000 QUANTUM,130.0,5.118,576.072,22.68,130.0,5.118,577.088,22.72,674.878,26.57,,,PDF_Page_24,
Link-Belt,8000 QUANTUM MASS,130.0,5.118,576.072,22.68,130.0,5.118,577.088,22.72,674.878,26.57,,,PDF_Page_24,
Volvo,EC330B,110.0,4.331,439.928,17.32,100.0,3.937,400.0,15.748,570.0,22.441,1698.0,66.85,PDF_Page_31,
Volvo,EC330C,110.0,4.331,440.0,17.323,100.0,3.937,400.0,15.748,570.0,22.441,1698.0,66.85,PDF_Page_31,
Volvo,EC360,100.0,3.937,440.0,17.323,100.0,3.937,400.0,15.748,570.0,22.441,1700.0,66.929,PDF_Page_31,
Volvo,EC360B,110.0,4.331,439.928,17.32,100.0,3.937,400.0,15.748,570.0,22.441,1698.0,66.85,PDF_Page_31,
Volvo,EC360C,110.0,4.331,440.0,17.323,100.0,3.937,400.0,15.748,570.0,22.441,1698.0,66.85,PDF_Page_31,
Volvo,EC460,100.0,3.937,470.0,18.504,100.0,3.937,430.0,16.929,570.0,22.441,1845.0,72.638,PDF_Page_31,
Volvo,EC460B,110.0,4.331,469.9,18.5,100.0,3.937,430.0,16.929,570.0,22.441,1845.0,72.638,PDF_Page_31,
Volvo,EC460C,110.0,4.331,470.0,18.504,100.0,3.937,430.0,16.929,570.0,22.441,1845.0,72.638,PDF_Page_31,
Volvo,EC50/W,45.0,1.772,164.0,6.457,45.0,1.772,165.0,6.496,285.0,11.22,870.0,34.252,PDF_Page_31,
Volvo,EC700B,120.0,4.724,510.032,20.08,120.0,4.724,480.06,18.9,630.0,24.803,2150.0,84.646,PDF_Page_31,
Volvo,EC700C,120.0,4.724,510.0,20.079,120.0,4.724,480.0,18.898,630.0,24.803,2150.0,84.646,PDF_Page_31,
Volvo,ECR 58,45.0,1.772,159.004,6.26,45.0,1.772,161.036,6.34,284.988,11.22,,,PDF_Page_31,
Volvo,ECR 88,60.0,2.362,172.212,6.78,60.0,2.362,172.212,6.78,290.068,11.42,,,PDF_Page_31,
Volvo,ECR145C,65.0,2.559,274.0,10.787,65.0,2.559,275.0,10.827,380.0,14.961,1250.0,49.213,PDF_Page_31,
Volvo,ECR235C,80.0,3.15,325.0,12.795,80.0,3.15,326.0,12.835,467.0,18.386,1470.0,57.874,PDF_Page_31,
Volvo,ECR305C,90.0,3.543,410.0,16.142,90.0,3.543,411.0,16.181,495.0,19.488,1600.0,62.992,PDF_Page_31,
Volvo,EW130,65.0,2.559,274.0,10.787,65.0,2.559,275.0,10.827,380.0,14.961,1250.0,49.213,PDF_Page_31,
Volvo,EW140C,65.0,2.559,274.0,10.787,65.0,2.559,275.0,10.827,380.0,14.961,1233.0,48.543,PDF_Page_31,
Volvo,EW160,60.0,2.362,274.0,10.787,60.0,2.362,211.0,8.307,367.0,14.449,1265.0,49.803,PDF_Page_31,
Volvo,EW160B,70.0,2.756,289.0,11.378,70.0,2.756,290.0,11.417,430.0,16.929,1265.0,49.803,PDF_Page_31,
Volvo,EW160C,70.0,2.756,289.0,11.378,70.0,2.756,290.0,11.417,440.0,17.323,1350.0,53.15,PDF_Page_31,
Volvo,EW170,70.0,2.756,304.0,11.969,70.0,2.756,305.0,12.008,423.0,16.654,1420.0,55.906,PDF_Page_31,
Volvo,EW180,70.0,2.756,304.0,11.969,70.0,2.756,305.0,12.008,423.0,16.654,1420.0,55.906,PDF_Page_31,
Volvo,EW180B,70.0,2.756,304.0,11.969,70.0,2.756,305.0,12.008,412.0,16.22,1420.0,55.906,PDF_Page_31,KONZ config
Volvo,EW180C,70.0,2.756,304.0,11.969,70.0,2.756,305.0,12.008,423.0,16.654,1372.0,54.016,PDF_Page_31,
Volvo,EW210C,70.0,2.756,304.0,11.969,70.0,2.756,305.0,12.008,423.0,16.654,1399.0,55.079,PDF_Page_31,
Volvo,EW230C,80.0,3.15,325.0,12.795,80.0,3.15,326.0,12.835,467.0,18.386,1536.0,60.472,PDF_Page_31,
Volvo,MX 55/W,45.0,1.772,164.0,6.457,45.0,1.772,165.0,6.496,285.0,11.22,870.0,34.252,PDF_Page_31,
Volvo,MX135WS/LS,65.0,2.559,274.0,10.787,65.0,2.559,275.0,10.827,380.0,14.961,1250.0,49.213,PDF_Page_31,
Volvo,MX175WS,70.0,2.756,304.0,11.969,70.0,2.756,305.0,12.008,423.0,16.654,1420.0,55.906,PDF_Page_31,
Volvo,MX225LS,80.0,3.15,325.0,12.795,80.0,3.15,326.0,12.835,467.0,18.386,1470.0,57.874,PDF_Page_31,
Volvo,MX255LS,90.0,3.543,380.0,14.961,90.0,3.543,381.0,15.0,490.0,19.291,1540.0,60.63,PDF_Page_31,
Volvo,MX295LS,90.0,3.543,410.0,16.142,90.0,3.543,411.0,16.181,495.0,19.488,1600.0,62.992,PDF_Page_31,
Volvo,MX365LS,100.0,3.937,440.0,17.323,100.0,3.937,400.0,15.748,570.0,22.441,1700.0,66.929,PDF_Page_31,
Volvo,MX455LS,100.0,3.937,470.0,18.504,100.0,3.937,430.0,16.929,570.0,22.441,1845.0,72.638,PDF_Page_31,
Volvo,SE 50-3,45.0,1.772,164.0,6.457,45.0,1.772,165.0,6.496,285.0,11.22,870.0,34.252,PDF_Page_31,
Volvo,SE130W-3/LC-3,65.0,2.559,274.0,10.787,65.0,2.559,275.0,10.827,380.0,14.961,1250.0,49.213,PDF_Page_31,
Volvo,SE170W-3,70.0,2.756,304.0,11.969,70.0,2.756,305.0,12.008,423.0,16.654,1420.0,55.906,PDF_Page_31,
Volvo,SE210LC-3,80.0,3.15,325.0,12.795,80.0,3.15,326.0,12.835,467.0,18.386,1470.0,57.874,PDF_Page_31,
Volvo,SE240LC-3,90.0,3.543,380.0,14.961,90.0,3.543,381.0,15.0,490.0,19.291,1540.0,60.63,PDF_Page_32,
Volvo,SE280LC-3,90.0,3.543,410.0,16.142,90.0,3.543,411.0,16.181,495.0,19.488,1600.0,62.992,PDF_Page_32,
Volvo,SE360LC-3,100.0,3.937,440.0,17.323,100.0,3.937,400.0,15.748,570.0,22.441,1700.0,66.929,PDF_Page_32,
Volvo,SE460LC-3,100.0,3.937,470.0,18.504,100.0,3.937,430.0,16.929,570.0,22.441,1845.0,72.638,PDF_Page_32,
Wacker Neuson,803,25.0,0.984,100.0,3.937,25.0,0.984,100.0,3.937,86.3,3.398,,,PDF_Page_32,
Wacker Neuson,1403,32.0,1.26,118.0,4.646,32.0,1.26,118.0,4.646,129.5,5.098,,,PDF_Page_32,
Wacker Neuson,1404,32.0,1.26,118.0,4.646,32.0,1.26,118.0,4.646,129.5,5.098,,,PDF_Page_32,
Wacker Neuson,1503,32.0,1.26,118.0,4.646,32.0,1.26,118.0,4.646,129.5,5.098,,,PDF_Page_32,
Wacker Neuson,1903,32.0,1.26,118.0,4.646,32.0,1.26,118.0,4.646,129.5,5.098,,,PDF_Page_32,
Wacker Neuson,2203,32.0,1.26,118.0,4.646,32.0,1.26,118.0,4.646,129.5,5.098,,,PDF_Page_32,
Wacker Neuson,2503,32.0,1.26,118.0,4.646,32.0,1.26,118.0,4.646,129.5,5.098,,,PDF_Page_32,
Wacker Neuson,3003,40.0,1.575,140.0,5.512,40.0,1.575,140.0,5.512,180.0,7.087,,,PDF_Page_32,
Wacker Neuson,3503,40.0,1.575,140.0,5.512,40.0,1.575,140.0,5.512,180.0,7.087,,,PDF_Page_32,
Wacker Neuson,3703,40.0,1.575,140.0,5.512,40.0,1.575,140.0,5.512,180.0,7.087,,,PDF_Page_32,
Wacker Neuson,5002,50.0,1.969,195.0,7.677,50.0,1.969,195.0,7.677,235.0,9.252,,,PDF_Page_32,
Wacker Neuson,6002,50.0,1.969,195.0,7.677,50.0,1.969,195.0,7.677,235.0,9.252,,,PDF_Page_32,
Wacker Neuson,6003,50.0,1.969,195.0,7.677,50.0,1.969,195.0,7.677,240.0,9.449,,,PDF_Page_32,
Wacker Neuson,6502,50.0,1.969,195.0,7.677,50.0,1.969,195.0,7.677,236.0,9.291,,,PDF_Page_32,
Wacker Neuson,6503,50.0,1.969,195.0,7.677,50.0,1.969,195.0,7.677,240.0,9.449,,,PDF_Page_32,
Wacker Neuson,8003,55.0,2.165,169.5,6.673,55.0,2.165,169.5,6.673,300.0,11.811,,,PDF_Page_32,
Wacker Neuson,9503,55.0,2.165,169.5,6.673,55.0,2.165,169.5,6.673,300.0,11.811,,,PDF_Page_32,
Wacker Neuson,12002,60.0,2.362,220.0,8.661,60.0,2.362,220.0,8.661,335.0,13.189,,,PDF_Page_32,
Wacker Neuson,28Z3,40.0,1.575,140.0,5.512,40.0,1.575,140.0,5.512,180.0,7.087,,,PDF_Page_32,
Wacker Neuson,38z3,40.0,1.575,140.0,5.512,40.0,1.575,140.0,5.512,180.0,7.087,,,PDF_Page_32,
Wacker Neuson,50z3,50.0,1.969,195.0,7.677,50.0,1.969,195.0,7.677,240.0,9.449,,,PDF_Page_32,
Wacker Neuson,75z3,55.0,2.165,169.5,6.673,55.0,2.165,169.5,6.673,300.0,11.811,,,PDF_Page_32,
Yanmar,B 7,50.0,1.969,222.0,8.74,50.0,1.969,222.0,8.74,278.0,10.945,,,PDF_Page_32,
Yanmar,B 7 SIGMA,50.0,1.969,198.12,7.8,50.0,1.969,199.898,7.87,311.912,12.28,,,PDF_Page_32,
Yanmar,B 7-3,50.0,1.969,199.898,7.87,50.0,1.969,199.898,7.87,312.166,12.29,,,PDF_Page_32,
Yanmar,B 8-3,25.0,0.984,97.0,3.819,25.0,0.984,97.0,3.819,100.0,3.937,,,PDF_Page_32,
Yanmar,B 10,30.0,1.181,105.0,4.134,30.0,1.181,105.0,4.134,122.0,4.803,,,PDF_Page_32,
Yanmar,B 12,30.0,1.181,105.0,4.134,30.0,1.181,105.0,4.134,122.0,4.803,,,PDF_Page_32,
Yanmar,B 14,30.0,1.181,105.0,4.134,30.0,1.181,105.0,4.134,105.1,4.138,,,PDF_Page_32,
Yanmar,B 15,30.0,1.181,105.0,4.134,30.0,1.181,105.0,4.134,122.0,4.803,,,PDF_Page_32,
Yanmar,B 17,30.0,1.181,105.0,4.134,30.0,1.181,105.0,4.134,105.1,4.138,,,PDF_Page_32,
Yanmar,B 19,35.0,1.378,124.0,4.882,35.0,1.378,124.0,4.882,165.0,6.496,,,PDF_Page_33,
Yanmar,B 22,35.0,1.378,123.0,4.843,35.0,1.378,123.0,4.843,180.0,7.087,,,PDF_Page_33,
Yanmar,B201,35.0,1.378,124.0,4.882,35.0,1.378,124.0,4.882,165.0,6.496,,,PDF_Page_33,
Yanmar,B 25,38.0,1.496,141.0,5.551,38.0,1.496,141.0,5.551,213.0,8.386,,,PDF_Page_33,
Yanmar,B 27,38.0,1.496,141.0,5.551,38.0,1.496,141.0,5.551,213.0,8.386,,,PDF_Page_33,
Yanmar,B 30V,38.0,1.496,141.0,5.551,38.0,1.496,141.0,5.551,213.0,8.386,,,PDF_Page_33,
Yanmar,B 37,38.0,1.496,141.0,5.551,38.0,1.496,141.0,5.551,213.0,8.386,,,PDF_Page_33,
Yanmar,B 50,45.0,1.772,165.0,6.496,45.0,1.772,165.0,6.496,270.0,10.63,,,PDF_Page_33,
Yanmar,B 50-2,45.0,1.772,165.0,6.496,45.0,1.772,165.0,6.496,270.0,10.63,,,PDF_Page_33,
Yanmar,B 50-2B,45.0,1.772,153.924,6.06,45.0,1.772,154.94,6.1,270.002,10.63,,,PDF_Page_33,
Yanmar,B121,30.0,1.181,105.0,4.134,30.0,1.181,105.0,4.134,122.0,4.803,,,PDF_Page_33,
Yanmar,VIO10,25.0,0.984,97.0,3.819,25.0,0.984,97.0,3.819,100.0,3.937,,,PDF_Page_33,
Yanmar,VIO15-1,30.0,1.181,105.0,4.134,30.0,1.181,105.0,4.134,105.1,4.138,,,PDF_Page_33,
Yanmar,VIO15-2,30.0,1.181,105.0,4.134,30.0,1.181,105.0,4.134,105.1,4.138,,,PDF_Page_33,
Yanmar,VIO17,30.0,1.181,105.0,4.134,30.0,1.181,105.0,4.134,105.1,4.138,,,PDF_Page_33,
Yanmar,VIO20,35.0,1.378,124.0,4.882,35.0,1.378,124.0,4.882,180.0,7.087,,,PDF_Page_33,
Yanmar,VIO20-1,35.0,1.378,123.0,4.843,35.0,1.378,123.0,4.843,180.0,7.087,,,PDF_Page_33,
Yanmar,VIO20-2,35.0,1.378,123.0,4.843,35.0,1.378,123.0,4.843,180.0,7.087,,,PDF_Page_33,
Yanmar,VIO20-3,35.0,1.378,123.0,4.843,35.0,1.378,123.0,4.843,180.0,7.087,,,PDF_Page_33,
Yanmar,VIO27-2,38.0,1.496,141.0,5.551,38.0,1.496,141.0,5.551,213.0,8.386,,,PDF_Page_33,
Yanmar,VIO30,38.0,1.496,142.0,5.591,38.0,1.496,142.0,5.591,215.0,8.465,,,PDF_Page_33,
Yanmar,VIO30-1,38.0,1.496,141.0,5.551,38.0,1.496,141.0,5.551,213.0,8.386,,,PDF_Page_33,
Yanmar,VIO35-2,38.0,1.496,141.0,5.551,38.0,1.496,141.0,5.551,213.0,8.386,,,PDF_Page_33,
Yanmar,VIO40-1,45.0,1.772,165.0,6.496,45.0,1.772,165.0,6.496,270.0,10.63,,,PDF_Page_33,
Yanmar,VIO40-2,45.0,1.772,165.0,6.496,45.0,1.772,165.0,6.496,270.0,10.63,,,PDF_Page_33,
Yanmar,VIO40 Import to UK,38.0,1.496,142.0,5.591,38.0,1.496,142.0,5.591,215.0,8.465,,,PDF_Page_33,
Yanmar,VIO40V,45.0,1.772,165.0,6.496,45.0,1.772,165.0,6.496,270.0,10.63,,,PDF_Page_33,
Yanmar,VIO45,45.0,1.772,165.0,6.496,45.0,1.772,165.0,6.496,270.0,10.63,,,PDF_Page_33,
Yanmar,VIO45-5,45.0,1.772,164.846,6.49,45.0,1.772,164.846,6.49,270.002,10.63,,,PDF_Page_33,
Yanmar,VIO50,45.0,1.772,165.0,6.496,45.0,1.772,165.0,6.496,270.0,10.63,,,PDF_Page_33,
Yanmar,VIO50-1,45.0,1.772,165.0,6.496,45.0,1.772,165.0,6.496,270.0,10.63,,,PDF_Page_33,
Yanmar,VIO50-2,45.0,1.772,165.0,6.496,45.0,1.772,165.0,6.496,270.0,10.63,,,PDF_Page_33,
Yanmar,VIO55,45.0,1.772,165.0,6.496,45.0,1.772,165.0,6.496,270.0,10.63,,,PDF_Page_33,
Yanmar,VIO55-5,45.0,1.772,164.846,6.49,45.0,1.772,164.846,6.49,270.002,10.63,,,PDF_Page_33,
Yanmar,VIO70,50.0,1.969,199.898,7.87,50.0,1.969,200.0,7.874,312.2,12.291,,,PDF_Page_33,
Yanmar,VIO75,50.0,1.969,199.898,7.87,50.0,1.969,200.0,7.874,312.2,12.291,,,PDF_Page_33,
Yanmar,YB 50,45.0,1.772,165.0,6.496,45.0,1.772,165.0,6.496,240.0,9.449,,,PDF_Page_33,
Yanmar,YB301,38.0,1.496,141.0,5.551,38.0,1.496,141.0,5.551,213.0,8.386,,,PDF_Page_33,
Yanmar,YB351,38.0,1.496,141.0,5.551,38.0,1.496,141.0,5.551,213.0,8.386,,,PDF_Page_33,
Yuchai,YC 35SR,40.0,1.575,141.0,5.551,40.0,1.575,141.0,5.551,185.0,7.283,,,PDF_Page_33,
Yuchai,YC135-7,65.0,2.559,249.0,9.803,70.0,2.756,249.0,9.803,390.0,15.354,,,PDF_Page_33,
Hydrema,M1100,60.0,2.362,280.0,11.024,60.0,2.362,280.0,11.024,340.0,13.386,,,PDF_Page_11,
Ingersoll-Rand,ZX125,50.0,1.969,220.98,8.7,50.0,1.969,221.234,8.71,289.814,11.41,,,PDF_Page_12,
Kramer-Allrad,316 Series 2,40.0,1.575,162.052,6.38,40.0,1.575,157.988,6.22,,,,,PDF_Page_22,Missing pin centers
Kramer-Allrad,616S,50.0,1.969,182.88,7.2,50.0,1.969,182.88,7.2,274.828,10.82,,,PDF_Page_22,
Libra,116,30.0,1.181,105.0,4.134,30.0,1.181,105.0,4.134,125.0,4.921,,,PDF_Page_23,
Libra,225S,35.0,1.378,135.0,5.315,35.0,1.378,135.0,5.315,185.0,7.283,,,PDF_Page_23,
Libra,229S,35.0,1.378,135.0,5.315,35.0,1.378,135.0,5.315,165.0,6.496,,,PDF_Page_23,
Libra,2345,35.0,1.378,136.0,5.354,35.0,1.378,136.0,5.354,162.8,6.409,,,PDF_Page_23,
LiuGong,922,80.0,3.15,335.0,13.189,80.0,3.15,335.0,13.189,475.0,18.701,,,PDF_Page_24,
LiuGong,925,80.0,3.15,335.0,13.189,80.0,3.15,335.0,13.189,475.0,18.701,,,PDF_Page_24,
MacMotor,M8M,50.0,1.969,168.0,6.614,50.0,1.969,168.0,6.614,355.0,13.976,,,PDF_Page_24,
MacMotor,MSM,40.0,1.575,142.0,5.591,40.0,1.575,142.0,5.591,296.0,11.654,,,PDF_Page_24,
Melroe,PC400-6,100.0,3.937,369.824,14.56,100.0,3.937,371.094,14.61,,,21.14,,PDF_Page_24,Missing pin centers
Mitsubishi,MS 180,75.0,2.953,312.0,12.283,75.0,2.953,312.0,12.283,435.0,17.126,,,PDF_Page_24,
Mustang,ME12002,60.0,2.362,219.964,8.66,60.0,2.362,219.964,8.66,334.772,13.18,,,PDF_Page_24,
Caterpillar,301.7 CR,30.0,1.181,105.0,4.134,30.0,1.181,105.0,4.134,126.5,4.98,,,New_2019,Next Generation mini excavator
Caterpillar,302 CR,35.0,1.378,135.0,5.315,35.0,1.378,135.0,5.315,165.0,6.496,,,New_2019,Next Generation mini excavator
Caterpillar,303 CR,40.0,1.575,135.0,5.315,40.0,1.575,135.0,5.315,200.0,7.874,763.0,30.039,New_2019,Next Generation mini excavator
Caterpillar,304 CR,45.0,1.772,156.0,6.142,45.0,1.772,156.0,6.142,260.0,10.236,,,New_2020,Next Generation mini excavator
Caterpillar,305 CR,45.0,1.772,156.0,6.142,45.0,1.772,156.0,6.142,260.0,10.236,,,New_2020,Next Generation mini excavator
Caterpillar,306 CR,50.0,1.969,185.0,7.283,50.0,1.969,185.0,7.283,305.0,12.008,,,New_2020,Next Generation mini excavator
Caterpillar,308 CR,50.0,1.969,201.0,7.913,50.0,1.969,201.0,7.913,305.0,12.008,,,New_2021,Next Generation mini excavator
Caterpillar,310,65.0,2.559,221.0,8.701,65.0,2.559,221.0,8.701,407.0,16.024,,,New_2021,Next Generation compact excavator
Caterpillar,313,65.0,2.559,221.0,8.701,65.0,2.559,221.0,8.701,407.0,16.024,,,New_2022,Next Generation compact excavator
Caterpillar,315,70.0,2.756,281.0,11.063,70.0,2.756,281.0,11.063,463.0,18.236,,,New_2022,Next Generation compact excavator
Caterpillar,318,80.0,3.15,311.0,12.244,80.0,3.15,311.0,12.244,445.0,17.52,,,New_2023,Next Generation compact excavator
Caterpillar,320,80.0,3.15,311.0,12.244,80.0,3.15,311.0,12.244,445.0,17.52,,,New_2023,Next Generation excavator
Caterpillar,323,90.0,3.543,351.0,13.819,90.0,3.543,351.0,13.819,485.0,19.094,,,New_2024,Next Generation excavator
Caterpillar,326,90.0,3.543,385.0,15.157,90.0,3.543,385.0,15.157,512.0,20.157,,,New_2024,Next Generation excavator
Caterpillar,330,100.0,3.937,425.0,16.732,100.0,3.937,425.0,16.732,586.0,23.071,,,New_2024,Next Generation excavator
Komatsu,PC30MR-5,35.0,1.378,135.0,5.315,35.0,1.378,135.0,5.315,165.0,6.496,,,New_2019,Dash-5 series mini excavator
Komatsu,PC35MR-5,40.0,1.575,135.0,5.315,40.0,1.575,135.0,5.315,200.0,7.874,,,New_2019,Dash-5 series mini excavator
Komatsu,PC40MR-5,45.0,1.772,156.0,6.142,45.0,1.772,156.0,6.142,260.0,10.236,,,New_2020,Dash-5 series mini excavator
Komatsu,PC45MR-5,45.0,1.772,156.0,6.142,45.0,1.772,156.0,6.142,260.0,10.236,,,New_2020,Dash-5 series mini excavator
Komatsu,PC55MR-5,50.0,1.969,185.0,7.283,50.0,1.969,185.0,7.283,305.0,12.008,,,New_2020,Dash-5 series mini excavator
Komatsu,PC78US-11,55.0,2.165,195.0,7.677,55.0,2.165,195.0,7.677,275.0,10.827,,,New_2021,Dash-11 series compact excavator
Komatsu,PC88MR-11,60.0,2.362,200.0,7.874,60.0,2.362,200.0,7.874,300.0,11.811,,,New_2021,Dash-11 series compact excavator
Komatsu,PC130-11,65.0,2.559,255.0,10.039,65.0,2.559,255.0,10.039,385.0,15.157,,,New_2022,Dash-11 series excavator
Komatsu,PC170LC-11,70.0,2.756,305.0,12.008,70.0,2.756,305.0,12.008,435.0,17.126,,,New_2022,Dash-11 series excavator
Komatsu,PC210LC-11,80.0,3.15,326.0,12.835,80.0,3.15,326.0,12.835,458.0,18.031,,,New_2023,Dash-11 series excavator
Komatsu,PC240LC-11,80.0,3.15,326.0,12.835,80.0,3.15,326.0,12.835,458.0,18.031,,,New_2023,Dash-11 series excavator
Komatsu,PC290LC-11,90.0,3.543,346.0,13.622,90.0,3.543,346.0,13.622,513.0,20.197,,,New_2024,Dash-11 series excavator
Komatsu,PC360LC-11,100.0,3.937,372.0,14.646,100.0,3.937,372.0,14.646,537.0,21.142,,,New_2024,Dash-11 series excavator
Volvo,EC18E,30.0,1.181,105.0,4.134,30.0,1.181,105.0,4.134,126.0,4.961,,,New_2019,E-series compact excavator
Volvo,EC20E,35.0,1.378,135.0,5.315,35.0,1.378,135.0,5.315,165.0,6.496,,,New_2019,E-series compact excavator
Volvo,EC27E,40.0,1.575,135.0,5.315,40.0,1.575,135.0,5.315,200.0,7.874,,,New_2020,E-series compact excavator
Volvo,EC35E,45.0,1.772,156.0,6.142,45.0,1.772,156.0,6.142,260.0,10.236,,,New_2020,E-series compact excavator
Volvo,EC55E,50.0,1.969,185.0,7.283,50.0,1.969,185.0,7.283,305.0,12.008,,,New_2021,E-series compact excavator
Volvo,EC75E,55.0,2.165,195.0,7.677,55.0,2.165,195.0,7.677,275.0,10.827,,,New_2021,E-series compact excavator
Volvo,EC140E,65.0,2.559,274.0,10.787,65.0,2.559,275.0,10.827,380.0,14.961,,,New_2022,E-series excavator
Volvo,EC200E,80.0,3.15,304.0,11.969,80.0,3.15,305.0,12.008,423.0,16.654,,,New_2022,E-series excavator
Volvo,EC220E,80.0,3.15,325.0,12.795,80.0,3.15,326.0,12.835,467.0,18.386,,,New_2023,E-series excavator
Volvo,EC250E,90.0,3.543,380.0,14.961,90.0,3.543,381.0,15.0,490.0,19.291,,,New_2023,E-series excavator
Volvo,EC300E,90.0,3.543,410.0,16.142,90.0,3.543,411.0,16.181,495.0,19.488,,,New_2024,E-series excavator
Volvo,EC380E,100.0,3.937,440.0,17.323,100.0,3.937,400.0,15.748,570.0,22.441,,,New_2024,E-series excavator
JCB,JZ140,65.0,2.559,255.0,10.039,65.0,2.559,255.0,10.039,385.0,15.157,,,New_2019,JZ series excavator
JCB,JZ141,65.0,2.559,255.0,10.039,65.0,2.559,255.0,10.039,385.0,15.157,,,New_2019,JZ series excavator
JCB,8026CTS,35.0,1.378,136.0,5.354,35.0,1.378,136.0,5.354,130.0,5.118,,,New_2020,Compact track loader excavator
JCB,8030ZTS,35.0,1.378,136.0,5.354,35.0,1.378,136.0,5.354,125.0,4.921,,,New_2020,Zero tail swing excavator
JCB,8035ZTS,40.0,1.575,159.0,6.26,40.0,1.575,159.0,6.26,343.0,13.504,,,New_2021,Zero tail swing excavator
JCB,8040ZTS,40.0,1.575,159.0,6.26,40.0,1.575,159.0,6.26,343.0,13.504,,,New_2021,Zero tail swing excavator
JCB,8050RTS,45.0,1.772,171.45,6.75,45.0,1.772,171.45,6.75,355.6,14.0,,,New_2022,Reduced tail swing excavator
JCB,8055RTS,45.0,1.772,171.45,6.75,45.0,1.772,171.45,6.75,355.6,14.0,,,New_2022,Reduced tail swing excavator
JCB,JS115,65.0,2.559,255.0,10.039,65.0,2.559,255.0,10.039,385.0,15.157,,,New_2023,JS series excavator
JCB,JS145,80.0,3.15,301.0,11.85,80.0,3.15,301.0,11.85,435.0,17.126,,,New_2023,JS series excavator
JCB,JS175,80.0,3.15,307.0,12.087,80.0,3.15,307.0,12.087,450.0,17.717,,,New_2024,JS series excavator
JCB,JS205,80.0,3.15,307.0,12.087,80.0,3.15,307.0,12.087,450.0,17.717,,,New_2024,JS series excavator
Hitachi,ZX17U-6,30.0,1.181,105.0,4.134,30.0,1.181,105.0,4.134,126.0,4.961,,,New_2019,Zaxis-6 series mini excavator
Hitachi,ZX19U-6,35.0,1.378,135.0,5.315,35.0,1.378,135.0,5.315,165.0,6.496,,,New_2019,Zaxis-6 series mini excavator
Hitachi,ZX26U-6,40.0,1.575,135.0,5.315,40.0,1.575,135.0,5.315,200.0,7.874,,,New_2020,Zaxis-6 series mini excavator
Hitachi,ZX30U-6,45.0,1.772,156.0,6.142,45.0,1.772,156.0,6.142,260.0,10.236,,,New_2020,Zaxis-6 series mini excavator
Hitachi,ZX38U-6,45.0,1.772,156.0,6.142,45.0,1.772,156.0,6.142,260.0,10.236,,,New_2021,Zaxis-6 series mini excavator
Hitachi,ZX48U-6,50.0,1.969,185.0,7.283,50.0,1.969,185.0,7.283,305.0,12.008,,,New_2021,Zaxis-6 series mini excavator
Hitachi,ZX55U-6,50.0,1.969,185.0,7.283,50.0,1.969,185.0,7.283,305.0,12.008,,,New_2022,Zaxis-6 series mini excavator
Hitachi,ZX85USB-6,60.0,2.362,200.0,7.874,60.0,2.362,200.0,7.874,300.0,11.811,,,New_2022,Zaxis-6 series compact excavator
Hitachi,ZX135US-6,65.0,2.559,255.0,10.039,65.0,2.559,255.0,10.039,385.0,15.157,,,New_2023,Zaxis-6 series excavator
Hitachi,ZX160LC-6,70.0,2.756,305.0,12.008,70.0,2.756,305.0,12.008,435.0,17.126,,,New_2023,Zaxis-6 series excavator
Hitachi,ZX210LC-6,80.0,3.15,326.0,12.835,80.0,3.15,326.0,12.835,458.0,18.031,,,New_2024,Zaxis-6 series excavator
Hitachi,ZX250LC-6,90.0,3.543,346.0,13.622,90.0,3.543,346.0,13.622,513.0,20.197,,,New_2024,Zaxis-6 series excavator
Hyundai,HX17Z,30.0,1.181,105.0,4.134,30.0,1.181,105.0,4.134,126.4,4.976,,,New_2019,HX Z-series mini excavator
Hyundai,HX20Z,35.0,1.378,124.0,4.882,35.0,1.378,124.0,4.882,165.0,6.496,,,New_2019,HX Z-series mini excavator
Hyundai,HX27Z,40.0,1.575,141.0,5.551,40.0,1.575,141.0,5.551,213.0,8.386,,,New_2020,HX Z-series mini excavator
Hyundai,HX35Z,45.0,1.772,167.0,6.575,45.0,1.772,167.0,6.575,230.0,9.055,,,New_2020,HX Z-series mini excavator
Hyundai,HX55Z,50.0,1.969,195.0,7.677,50.0,1.969,195.0,7.677,275.0,10.846,,,New_2021,HX Z-series compact excavator
Hyundai,HX85A,60.0,2.362,225.0,8.858,60.0,2.362,225.0,8.858,308.0,12.126,,,New_2021,HX A-series compact excavator
Hyundai,HX140A,65.0,2.559,260.0,10.236,65.0,2.559,260.0,10.236,390.0,15.354,,,New_2022,HX A-series excavator
Hyundai,HX160A,70.0,2.756,308.0,12.126,70.0,2.756,308.0,12.126,411.7,16.209,,,New_2022,HX A-series excavator
Hyundai,HX220A,80.0,3.15,332.0,13.071,80.0,3.15,332.0,13.071,460.0,18.11,,,New_2023,HX A-series excavator
Hyundai,HX260A,90.0,3.543,400.0,15.748,90.0,3.543,400.0,15.748,510.0,20.079,,,New_2023,HX A-series excavator
Hyundai,HX300A,100.0,3.937,432.0,17.008,100.0,3.937,432.0,17.008,550.0,21.654,,,New_2024,HX A-series excavator
Hyundai,HX380A,100.0,3.937,432.0,17.008,100.0,3.937,432.0,17.008,577.0,22.717,,,New_2024,HX A-series excavator
Case,CX17C,30.0,1.181,105.0,4.134,30.0,1.181,105.0,4.134,121.0,4.764,,,New_2019,C-series mini excavator
Case,CX20C,35.0,1.378,124.0,4.882,35.0,1.378,124.0,4.882,180.0,7.087,,,New_2019,C-series mini excavator
Case,CX26C,35.0,1.378,124.0,4.882,35.0,1.378,124.0,4.882,180.0,7.087,,,New_2020,C-series mini excavator
Case,CX33C,40.0,1.575,141.0,5.551,40.0,1.575,141.0,5.551,192.0,7.559,,,New_2020,C-series mini excavator
Case,CX37C,40.0,1.575,127.0,5.0,40.0,1.575,127.0,5.0,191.0,7.52,,,New_2021,C-series mini excavator
Case,CX55C,45.0,1.772,151.0,5.945,45.0,1.772,151.0,5.945,228.0,8.976,,,New_2021,C-series compact excavator
Case,CX85C,50.0,1.969,192.0,7.559,50.0,1.969,192.0,7.559,300.0,11.811,,,New_2022,C-series compact excavator
Case,CX145C,65.0,2.559,255.0,10.039,65.0,2.559,255.0,10.039,385.0,15.157,,,New_2022,C-series excavator
Case,CX175C,80.0,3.15,300.0,11.811,80.0,3.15,300.0,11.811,435.0,17.126,,,New_2023,C-series excavator
Case,CX245C,80.0,3.15,307.0,12.087,80.0,3.15,307.0,12.087,450.0,17.717,,,New_2023,C-series excavator
Case,CX300C,90.0,3.543,326.0,12.835,90.0,3.543,326.0,12.835,468.0,18.425,,,New_2024,C-series excavator
Case,CX370C,90.0,3.543,401.0,15.787,90.0,3.543,401.0,15.787,535.0,21.063,,,New_2024,C-series excavator
John Deere,17G,30.0,1.181,105.0,4.134,30.0,1.181,105.0,4.134,121.0,4.764,,,New_2019,G-series mini excavator
John Deere,26G,35.0,1.378,124.0,4.882,35.0,1.378,124.0,4.882,180.0,7.087,,,New_2019,G-series mini excavator
John Deere,30G,35.0,1.378,124.0,4.882,35.0,1.378,124.0,4.882,180.0,7.087,,,New_2020,G-series mini excavator
John Deere,35G,40.0,1.575,141.0,5.551,40.0,1.575,141.0,5.551,192.0,7.559,,,New_2020,G-series mini excavator
John Deere,50G,45.0,1.772,151.0,5.945,45.0,1.772,151.0,5.945,228.0,8.976,,,New_2021,G-series compact excavator
John Deere,85G,50.0,1.969,199.898,7.87,50.0,1.969,202.438,7.97,309.88,12.2,,,New_2021,G-series compact excavator
John Deere,135G,65.0,2.559,254.0,10.0,65.0,2.559,254.0,10.0,361.95,14.25,,,New_2022,G-series excavator
John Deere,180G,80.0,3.15,304.8,12.0,80.0,3.15,307.086,12.09,390.906,15.39,,,New_2022,G-series excavator
John Deere,210G,80.0,3.15,304.8,12.0,80.0,3.15,307.086,12.09,471.932,18.58,,,New_2023,G-series excavator
John Deere,245G,90.0,3.543,408.432,16.08,90.0,3.543,409.956,16.14,474.98,18.7,,,New_2023,G-series excavator
John Deere,300G,100.0,3.937,418.084,16.46,100.0,3.937,420.116,16.54,584.962,23.03,,,New_2024,G-series excavator
John Deere,380G,110.0,4.331,469.9,18.5,110.0,4.331,471.932,18.58,572.008,22.52,,,New_2024,G-series excavator
Kubota,KX018-4,25.0,0.984,95.5,3.76,25.0,0.984,95.5,3.76,90.0,3.543,,,New_2019,KX-4 series mini excavator
Kubota,KX027-4,30.0,1.181,110.0,4.331,30.0,1.181,110.0,4.331,132.0,5.197,,,New_2019,KX-4 series mini excavator
Kubota,KX033-4,35.0,1.378,134.0,5.276,35.0,1.378,134.0,5.276,132.2,5.205,,,New_2020,KX-4 series mini excavator
Kubota,KX040-4,40.0,1.575,134.0,5.276,40.0,1.575,134.0,5.276,171.6,6.756,,,New_2020,KX-4 series mini excavator
Kubota,KX057-4,45.0,1.772,145.0,5.709,45.0,1.772,145.0,5.709,245.3,9.657,,,New_2021,KX-4 series compact excavator
Kubota,KX080-4,60.0,2.362,200.152,7.88,60.0,2.362,200.0,7.874,300.0,11.811,,,New_2021,KX-4 series compact excavator
Kubota,U17-4,25.0,0.984,95.5,3.76,25.0,0.984,95.5,3.76,90.0,3.543,,,New_2022,U-4 series mini excavator
Kubota,U25-4,30.0,1.181,109.0,4.291,30.0,1.181,109.0,4.291,139.0,5.472,,,New_2022,U-4 series mini excavator
Kubota,U35-4,40.0,1.575,136.0,5.354,40.0,1.575,136.0,5.354,186.5,7.343,,,New_2023,U-4 series mini excavator
Kubota,U45-4,45.0,1.772,146.0,5.748,45.0,1.772,146.0,5.748,245.0,9.646,,,New_2023,U-4 series compact excavator
Kubota,U55-4,50.0,1.969,184.0,7.244,50.0,1.969,184.0,7.244,292.0,11.496,,,New_2024,U-4 series compact excavator
Kubota,KX121-4,40.0,1.575,134.0,5.276,40.0,1.575,134.0,5.276,180.0,7.087,,,New_2024,KX-4 series compact excavator
Liebherr,R906 Compact,60.0,2.362,280.0,11.024,60.0,2.362,280.0,11.024,330.0,12.992,,,New_2019,R900 series compact excavator
Liebherr,R914 Compact,70.0,2.756,307.848,12.12,60.0,2.362,307.848,12.12,369.824,14.56,,,New_2019,R900 series compact excavator
Liebherr,R918 Compact,80.0,3.15,347.98,13.7,70.0,2.756,347.98,13.7,419.862,16.53,,,New_2020,R900 series compact excavator
Liebherr,R924 Compact,80.0,3.15,347.98,13.7,70.0,2.756,347.98,13.7,419.862,16.53,,,New_2020,R900 series compact excavator
Liebherr,R930 Compact,80.0,3.15,508.0,20.0,70.0,2.756,508.0,20.0,420.116,16.54,,,New_2021,R900 series compact excavator
Liebherr,R938 Compact,90.0,3.543,300.0,11.811,90.0,3.543,275.0,10.827,505.0,19.882,,,New_2021,R900 series excavator
Liebherr,R945,100.0,3.937,425.0,16.732,100.0,3.937,425.0,16.732,586.0,23.071,,,New_2022,R900 series excavator
Liebherr,R950,110.0,4.331,465.0,18.307,110.0,4.331,467.0,18.386,660.0,25.984,,,New_2022,R900 series excavator
Liebherr,R960,120.0,4.724,510.0,20.079,120.0,4.724,480.0,18.898,630.0,24.803,,,New_2023,R900 series excavator
Liebherr,R970,130.0,5.118,557.022,21.93,130.0,5.118,557.022,21.93,675.894,26.61,,,New_2023,R900 series excavator
Liebherr,R980,140.0,5.512,600.0,23.622,140.0,5.512,600.0,23.622,720.0,28.346,,,New_2024,R900 series excavator
Liebherr,R990,150.0,5.906,650.0,25.591,150.0,5.906,650.0,25.591,780.0,30.709,,,New_2024,R900 series excavator
Bobcat,E10e,25.0,0.984,95.0,3.74,25.0,0.984,95.0,3.74,90.0,3.543,,,New_2019,E-series electric mini excavator
Bobcat,E17e,30.0,1.181,105.0,4.134,30.0,1.181,105.0,4.134,120.0,4.724,,,New_2019,E-series electric mini excavator
Bobcat,E20z,35.0,1.378,135.0,5.315,35.0,1.378,135.0,5.315,165.0,6.496,,,New_2020,E-series zero tail swing excavator
Bobcat,E26,35.0,1.378,135.0,5.315,35.0,1.378,135.0,5.315,165.0,6.496,,,New_2020,E-series compact excavator
Bobcat,E32,40.0,1.575,160.0,6.299,40.0,1.575,160.0,6.299,220.0,8.661,,,New_2021,E-series compact excavator
Bobcat,E35,45.0,1.772,160.0,6.299,45.0,1.772,160.0,6.299,220.0,8.661,,,New_2021,E-series compact excavator
Bobcat,E42,50.0,1.969,180.0,7.087,50.0,1.969,175.0,6.89,275.0,10.827,,,New_2022,E-series compact excavator
Bobcat,E50,50.0,1.969,220.98,8.7,50.0,1.969,221.234,8.71,289.814,11.41,,,New_2022,E-series compact excavator
Bobcat,E55,55.0,2.165,225.0,8.858,55.0,2.165,225.0,8.858,308.0,12.126,,,New_2023,E-series compact excavator
Bobcat,E60,60.0,2.362,250.0,9.843,60.0,2.362,250.0,9.843,350.0,13.78,,,New_2023,E-series compact excavator
Bobcat,E85,65.0,2.559,255.0,10.039,65.0,2.559,255.0,10.039,385.0,15.157,,,New_2024,E-series compact excavator
Bobcat,E145,80.0,3.15,300.0,11.811,80.0,3.15,300.0,11.811,435.0,17.126,,,New_2024,E-series excavator
Takeuchi,TB210R,30.0,1.181,105.0,4.134,30.0,1.181,105.0,4.134,126.0,4.961,,,New_2019,TB-R series mini excavator
Takeuchi,TB216,35.0,1.378,135.0,5.315,35.0,1.378,135.0,5.315,165.0,6.496,,,New_2019,TB series mini excavator
Takeuchi,TB219,35.0,1.378,135.0,5.315,35.0,1.378,135.0,5.315,165.0,6.496,,,New_2020,TB series mini excavator
Takeuchi,TB225,40.0,1.575,156.0,6.142,40.0,1.575,156.0,6.142,260.0,10.236,,,New_2020,TB series mini excavator
Takeuchi,TB230,45.0,1.772,156.0,6.142,45.0,1.772,156.0,6.142,260.0,10.236,,,New_2021,TB series compact excavator
Takeuchi,TB240,50.0,1.969,185.0,7.283,50.0,1.969,185.0,7.283,305.0,12.008,,,New_2021,TB series compact excavator
Takeuchi,TB260,60.0,2.362,200.0,7.874,60.0,2.362,200.0,7.874,300.0,11.811,,,New_2022,TB series compact excavator
Takeuchi,TB285,65.0,2.559,255.0,10.039,65.0,2.559,255.0,10.039,385.0,15.157,,,New_2022,TB series excavator
Takeuchi,TB290,70.0,2.756,305.0,12.008,70.0,2.756,305.0,12.008,435.0,17.126,,,New_2023,TB series excavator
Takeuchi,TB295,80.0,3.15,326.0,12.835,80.0,3.15,326.0,12.835,458.0,18.031,,,New_2023,TB series excavator
Takeuchi,TB2150,90.0,3.543,346.0,13.622,90.0,3.543,346.0,13.622,513.0,20.197,,,New_2024,TB series excavator
Takeuchi,TB2160,100.0,3.937,372.0,14.646,100.0,3.937,372.0,14.646,537.0,21.142,,,New_2024,TB series excavator
Kobelco,SK17SR-6E,30.0,1.181,105.0,4.134,30.0,1.181,105.0,4.134,126.0,4.961,,,New_2019,SK-6E series mini excavator
Kobelco,SK20SR-6E,35.0,1.378,135.0,5.315,35.0,1.378,135.0,5.315,165.0,6.496,,,New_2019,SK-6E series mini excavator
Kobelco,SK27SR-6E,40.0,1.575,135.0,5.315,40.0,1.575,135.0,5.315,200.0,7.874,,,New_2020,SK-6E series mini excavator
Kobelco,SK35SR-6E,45.0,1.772,156.0,6.142,45.0,1.772,156.0,6.142,260.0,10.236,,,New_2020,SK-6E series mini excavator
Kobelco,SK55SRX-6E,50.0,1.969,185.0,7.283,50.0,1.969,185.0,7.283,305.0,12.008,,,New_2021,SK-6E series compact excavator
Kobelco,SK85MSR-3E,60.0,2.362,200.0,7.874,60.0,2.362,200.0,7.874,300.0,11.811,,,New_2021,SK-3E series compact excavator
Kobelco,SK140SRLC-7,65.0,2.559,255.0,10.039,65.0,2.559,255.0,10.039,385.0,15.157,,,New_2022,SK-7 series excavator
Kobelco,SK170LC-11,70.0,2.756,305.0,12.008,70.0,2.756,305.0,12.008,435.0,17.126,,,New_2022,SK-11 series excavator
Kobelco,SK210LC-11,80.0,3.15,326.0,12.835,80.0,3.15,326.0,12.835,458.0,18.031,,,New_2023,SK-11 series excavator
Kobelco,SK260LC-11,90.0,3.543,346.0,13.622,90.0,3.543,346.0,13.622,513.0,20.197,,,New_2023,SK-11 series excavator
Kobelco,SK300LC-11,100.0,3.937,372.0,14.646,100.0,3.937,372.0,14.646,537.0,21.142,,,New_2024,SK-11 series excavator
Kobelco,SK380LC-11,110.0,4.331,425.0,16.732,110.0,4.331,425.0,16.732,586.0,23.071,,,New_2024,SK-11 series excavator
Link-Belt,80X4,50.0,1.969,189.992,7.48,50.0,1.969,191.008,7.52,299.974,11.81,,,New_2019,X4 series compact excavator
Link-Belt,145X4,65.0,2.559,254.0,10.0,65.0,2.559,255.016,10.04,385.064,15.16,,,New_2019,X4 series excavator
Link-Belt,170X4,80.0,3.15,299.974,11.81,80.0,3.15,300.99,11.85,434.848,17.12,,,New_2020,X4 series excavator
Link-Belt,210X4,80.0,3.15,306.07,12.05,80.0,3.15,307.086,12.09,451.104,17.76,,,New_2020,X4 series excavator
Link-Belt,250X4,90.0,3.543,324.866,12.79,90.0,3.543,325.882,12.83,459.994,18.11,,,New_2021,X4 series excavator
Link-Belt,300X4,90.0,3.543,325.12,12.8,90.0,3.543,325.882,12.83,459.994,18.11,,,New_2021,X4 series excavator
Link-Belt,350X4,90.0,3.543,399.796,15.74,90.0,3.543,401.066,15.79,534.924,21.06,,,New_2022,X4 series excavator
Link-Belt,470X4,100.0,3.937,479.044,18.86,100.0,3.937,480.06,18.9,569.976,22.44,,,New_2022,X4 series excavator
Link-Belt,650X4,120.0,4.724,550.0,21.654,120.0,4.724,550.0,21.654,650.0,25.591,,,New_2023,X4 series excavator
Link-Belt,750X4,130.0,5.118,576.072,22.68,130.0,5.118,577.088,22.72,674.878,26.57,,,New_2023,X4 series excavator
Link-Belt,850X4,140.0,5.512,620.0,24.409,140.0,5.512,620.0,24.409,720.0,28.346,,,New_2024,X4 series excavator
Link-Belt,950X4,150.0,5.906,670.0,26.378,150.0,5.906,670.0,26.378,780.0,30.709,,,New_2024,X4 series excavator
Develon,DX17Z-7,30.0,1.181,105.0,4.134,30.0,1.181,105.0,4.134,126.0,4.961,,,New_2019,DX-7 series mini excavator
Develon,DX27Z-7,35.0,1.378,135.0,5.315,35.0,1.378,135.0,5.315,165.0,6.496,,,New_2019,DX-7 series mini excavator
Develon,DX35Z-7,40.0,1.575,135.0,5.315,40.0,1.575,135.0,5.315,200.0,7.874,,,New_2020,DX-7 series mini excavator
Develon,DX55W-7,50.0,1.969,185.0,7.283,50.0,1.969,185.0,7.283,305.0,12.008,,,New_2020,DX-7 series compact excavator
Develon,DX85R-7,60.0,2.362,200.0,7.874,60.0,2.362,200.0,7.874,300.0,11.811,,,New_2021,DX-7 series compact excavator
Develon,DX140LC-7,65.0,2.559,255.0,10.039,65.0,2.559,255.0,10.039,385.0,15.157,,,New_2021,DX-7 series excavator
Develon,DX180LC-7,70.0,2.756,305.0,12.008,70.0,2.756,305.0,12.008,435.0,17.126,,,New_2022,DX-7 series excavator
Develon,DX225LC-7X,80.0,3.15,326.0,12.835,80.0,3.15,326.0,12.835,458.0,18.031,,,New_2022,DX-7X series excavator
Develon,DX300LC-7,90.0,3.543,346.0,13.622,90.0,3.543,346.0,13.622,513.0,20.197,,,New_2023,DX-7 series excavator
Develon,DX380LC-7,100.0,3.937,372.0,14.646,100.0,3.937,372.0,14.646,537.0,21.142,,,New_2023,DX-7 series excavator
Develon,DX420LC-7,110.0,4.331,425.0,16.732,110.0,4.331,425.0,16.732,586.0,23.071,,,New_2024,DX-7 series excavator
Develon,DX500LC-7,120.0,4.724,480.0,18.898,120.0,4.724,480.0,18.898,630.0,24.803,,,New_2024,DX-7 series excavator
Sany,SY16C,30.0,1.181,105.0,4.134,30.0,1.181,105.0,4.134,126.0,4.961,,,Additional_2024,Chinese mini excavator
Sany,SY26U,35.0,1.378,135.0,5.315,35.0,1.378,135.0,5.315,165.0,6.496,,,Additional_2024,Chinese mini excavator
Sany,SY35U,40.0,1.575,135.0,5.315,40.0,1.575,135.0,5.315,200.0,7.874,,,Additional_2024,Chinese mini excavator
Sany,SY50U,45.0,1.772,156.0,6.142,45.0,1.772,156.0,6.142,260.0,10.236,,,Additional_2024,Chinese compact excavator
Sany,SY60C,50.0,1.969,185.0,7.283,50.0,1.969,185.0,7.283,305.0,12.008,,,Additional_2024,Chinese compact excavator
Sany,SY75C,55.0,2.165,195.0,7.677,55.0,2.165,195.0,7.677,275.0,10.827,,,Additional_2024,Chinese compact excavator
Sany,SY95C,60.0,2.362,200.0,7.874,60.0,2.362,200.0,7.874,300.0,11.811,,,Additional_2024,Chinese compact excavator
Sany,SY135C,65.0,2.559,255.0,10.039,65.0,2.559,255.0,10.039,385.0,15.157,,,Additional_2024,Chinese excavator
Sany,SY155H,70.0,2.756,305.0,12.008,70.0,2.756,305.0,12.008,435.0,17.126,,,Additional_2024,Chinese excavator
Sany,SY205C,80.0,3.15,326.0,12.835,80.0,3.15,326.0,12.835,458.0,18.031,,,Additional_2024,Chinese excavator
Sany,SY215C,80.0,3.15,326.0,12.835,80.0,3.15,326.0,12.835,458.0,18.031,,,Additional_2024,Chinese excavator
Sany,SY235C,90.0,3.543,346.0,13.622,90.0,3.543,346.0,13.622,513.0,20.197,,,Additional_2024,Chinese excavator
Sany,SY245H,90.0,3.543,346.0,13.622,90.0,3.543,346.0,13.622,513.0,20.197,,,Additional_2024,Chinese excavator
Sany,SY265C,90.0,3.543,346.0,13.622,90.0,3.543,346.0,13.622,513.0,20.197,,,Additional_2024,Chinese excavator
Sany,SY285C,100.0,3.937,372.0,14.646,100.0,3.937,372.0,14.646,537.0,21.142,,,Additional_2024,Chinese excavator
Sany,SY305H,100.0,3.937,372.0,14.646,100.0,3.937,372.0,14.646,537.0,21.142,,,Additional_2024,Chinese excavator
Sany,SY335C,110.0,4.331,425.0,16.732,110.0,4.331,425.0,16.732,586.0,23.071,,,Additional_2024,Chinese excavator
Sany,SY365H,110.0,4.331,425.0,16.732,110.0,4.331,425.0,16.732,586.0,23.071,,,Additional_2024,Chinese excavator
Sany,SY385H,120.0,4.724,480.0,18.898,120.0,4.724,480.0,18.898,630.0,24.803,,,Additional_2024,Chinese excavator
Sany,SY415H,130.0,5.118,557.0,21.929,130.0,5.118,557.0,21.929,675.0,26.575,,,Additional_2024,Chinese excavator
Sany,SY465H,140.0,5.512,600.0,23.622,140.0,5.512,600.0,23.622,720.0,28.346,,,Additional_2024,Chinese excavator
Sany,SY500H,150.0,5.906,650.0,25.591,150.0,5.906,650.0,25.591,780.0,30.709,,,Additional_2024,Chinese excavator
Sany,SY750H,180.0,7.087,750.0,29.528,180.0,7.087,750.0,29.528,900.0,35.433,,,Additional_2024,Chinese large excavator
Sany,SY950H,200.0,7.874,850.0,33.465,200.0,7.874,850.0,33.465,1000.0,39.37,,,Additional_2024,Chinese large excavator
Sany,SY1250H,220.0,8.661,950.0,37.402,220.0,8.661,950.0,37.402,1100.0,43.307,,,Additional_2024,Chinese large excavator
XCMG,XE15,30.0,1.181,105.0,4.134,30.0,1.181,105.0,4.134,126.0,4.961,,,Additional_2024,Chinese mini excavator
XCMG,XE27,35.0,1.378,135.0,5.315,35.0,1.378,135.0,5.315,165.0,6.496,,,Additional_2024,Chinese mini excavator
XCMG,XE35U,40.0,1.575,135.0,5.315,40.0,1.575,135.0,5.315,200.0,7.874,,,Additional_2024,Chinese mini excavator
XCMG,XE40,45.0,1.772,156.0,6.142,45.0,1.772,156.0,6.142,260.0,10.236,,,Additional_2024,Chinese compact excavator
XCMG,XE55DA,50.0,1.969,185.0,7.283,50.0,1.969,185.0,7.283,305.0,12.008,,,Additional_2024,Chinese compact excavator
XCMG,XE75DA,55.0,2.165,195.0,7.677,55.0,2.165,195.0,7.677,275.0,10.827,,,Additional_2024,Chinese compact excavator
XCMG,XE85C,60.0,2.362,200.0,7.874,60.0,2.362,200.0,7.874,300.0,11.811,,,Additional_2024,Chinese compact excavator
XCMG,XE135B,65.0,2.559,255.0,10.039,65.0,2.559,255.0,10.039,385.0,15.157,,,Additional_2024,Chinese excavator
XCMG,XE150D,70.0,2.756,305.0,12.008,70.0,2.756,305.0,12.008,435.0,17.126,,,Additional_2024,Chinese excavator
XCMG,XE200DA,80.0,3.15,326.0,12.835,80.0,3.15,326.0,12.835,458.0,18.031,,,Additional_2024,Chinese excavator
XCMG,XE215DA,80.0,3.15,326.0,12.835,80.0,3.15,326.0,12.835,458.0,18.031,,,Additional_2024,Chinese excavator
XCMG,XE235C,90.0,3.543,346.0,13.622,90.0,3.543,346.0,13.622,513.0,20.197,,,Additional_2024,Chinese excavator
XCMG,XE260C,90.0,3.543,346.0,13.622,90.0,3.543,346.0,13.622,513.0,20.197,,,Additional_2024,Chinese excavator
XCMG,XE305D,100.0,3.937,372.0,14.646,100.0,3.937,372.0,14.646,537.0,21.142,,,Additional_2024,Chinese excavator
XCMG,XE335C,110.0,4.331,425.0,16.732,110.0,4.331,425.0,16.732,586.0,23.071,,,Additional_2024,Chinese excavator
XCMG,XE370CA,110.0,4.331,425.0,16.732,110.0,4.331,425.0,16.732,586.0,23.071,,,Additional_2024,Chinese excavator
XCMG,XE400D,120.0,4.724,480.0,18.898,120.0,4.724,480.0,18.898,630.0,24.803,,,Additional_2024,Chinese excavator
XCMG,XE470D,130.0,5.118,557.0,21.929,130.0,5.118,557.0,21.929,675.0,26.575,,,Additional_2024,Chinese excavator
XCMG,XE550D,140.0,5.512,600.0,23.622,140.0,5.512,600.0,23.622,720.0,28.346,,,Additional_2024,Chinese excavator
XCMG,XE700D,160.0,6.299,700.0,27.559,160.0,6.299,700.0,27.559,850.0,33.465,,,Additional_2024,Chinese large excavator
Zoomlion,ZE17E,30.0,1.181,105.0,4.134,30.0,1.181,105.0,4.134,126.0,4.961,,,Additional_2024,Chinese mini excavator
Zoomlion,ZE35E,40.0,1.575,135.0,5.315,40.0,1.575,135.0,5.315,200.0,7.874,,,Additional_2024,Chinese mini excavator
Zoomlion,ZE55E,50.0,1.969,185.0,7.283,50.0,1.969,185.0,7.283,305.0,12.008,,,Additional_2024,Chinese compact excavator
Zoomlion,ZE75E,55.0,2.165,195.0,7.677,55.0,2.165,195.0,7.677,275.0,10.827,,,Additional_2024,Chinese compact excavator
Zoomlion,ZE85E,60.0,2.362,200.0,7.874,60.0,2.362,200.0,7.874,300.0,11.811,,,Additional_2024,Chinese compact excavator
Zoomlion,ZE135E,65.0,2.559,255.0,10.039,65.0,2.559,255.0,10.039,385.0,15.157,,,Additional_2024,Chinese excavator
Zoomlion,ZE150E,70.0,2.756,305.0,12.008,70.0,2.756,305.0,12.008,435.0,17.126,,,Additional_2024,Chinese excavator
Zoomlion,ZE200E,80.0,3.15,326.0,12.835,80.0,3.15,326.0,12.835,458.0,18.031,,,Additional_2024,Chinese excavator
Zoomlion,ZE230E,90.0,3.543,346.0,13.622,90.0,3.543,346.0,13.622,513.0,20.197,,,Additional_2024,Chinese excavator
Zoomlion,ZE260E,90.0,3.543,346.0,13.622,90.0,3.543,346.0,13.622,513.0,20.197,,,Additional_2024,Chinese excavator
Zoomlion,ZE300E,100.0,3.937,372.0,14.646,100.0,3.937,372.0,14.646,537.0,21.142,,,Additional_2024,Chinese excavator
Zoomlion,ZE360E,110.0,4.331,425.0,16.732,110.0,4.331,425.0,16.732,586.0,23.071,,,Additional_2024,Chinese excavator
Zoomlion,ZE400E,120.0,4.724,480.0,18.898,120.0,4.724,480.0,18.898,630.0,24.803,,,Additional_2024,Chinese excavator
Zoomlion,ZE470E,130.0,5.118,557.0,21.929,130.0,5.118,557.0,21.929,675.0,26.575,,,Additional_2024,Chinese excavator
Zoomlion,ZE550E,140.0,5.512,600.0,23.622,140.0,5.512,600.0,23.622,720.0,28.346,,,Additional_2024,Chinese excavator
Lonking,LG6015,30.0,1.181,105.0,4.134,30.0,1.181,105.0,4.134,126.0,4.961,,,Additional_2024,Chinese mini excavator
Lonking,LG6025,35.0,1.378,135.0,5.315,35.0,1.378,135.0,5.315,165.0,6.496,,,Additional_2024,Chinese mini excavator
Lonking,LG6035,40.0,1.575,135.0,5.315,40.0,1.575,135.0,5.315,200.0,7.874,,,Additional_2024,Chinese mini excavator
Lonking,LG6050,45.0,1.772,156.0,6.142,45.0,1.772,156.0,6.142,260.0,10.236,,,Additional_2024,Chinese compact excavator
Lonking,LG6075,55.0,2.165,195.0,7.677,55.0,2.165,195.0,7.677,275.0,10.827,,,Additional_2024,Chinese compact excavator
Lonking,LG6085,60.0,2.362,200.0,7.874,60.0,2.362,200.0,7.874,300.0,11.811,,,Additional_2024,Chinese compact excavator
Lonking,LG6135,65.0,2.559,255.0,10.039,65.0,2.559,255.0,10.039,385.0,15.157,,,Additional_2024,Chinese excavator
Lonking,LG6150,70.0,2.756,305.0,12.008,70.0,2.756,305.0,12.008,435.0,17.126,,,Additional_2024,Chinese excavator
Lonking,LG6210,80.0,3.15,326.0,12.835,80.0,3.15,326.0,12.835,458.0,18.031,,,Additional_2024,Chinese excavator
Lonking,LG6225,90.0,3.543,346.0,13.622,90.0,3.543,346.0,13.622,513.0,20.197,,,Additional_2024,Chinese excavator
Lonking,LG6300,100.0,3.937,372.0,14.646,100.0,3.937,372.0,14.646,537.0,21.142,,,Additional_2024,Chinese excavator
Lonking,LG6360,110.0,4.331,425.0,16.732,110.0,4.331,425.0,16.732,586.0,23.071,,,Additional_2024,Chinese excavator
Sunward,SWE17UF,30.0,1.181,105.0,4.134,30.0,1.181,105.0,4.134,126.0,4.961,,,Additional_2024,Chinese mini excavator
Sunward,SWE25UF,35.0,1.378,135.0,5.315,35.0,1.378,135.0,5.315,165.0,6.496,,,Additional_2024,Chinese mini excavator
Sunward,SWE35UF,40.0,1.575,135.0,5.315,40.0,1.575,135.0,5.315,200.0,7.874,,,Additional_2024,Chinese mini excavator
Sunward,SWE50UF,45.0,1.772,156.0,6.142,45.0,1.772,156.0,6.142,260.0,10.236,,,Additional_2024,Chinese compact excavator
Sunward,SWE60UF,50.0,1.969,185.0,7.283,50.0,1.969,185.0,7.283,305.0,12.008,,,Additional_2024,Chinese compact excavator
Sunward,SWE80E,55.0,2.165,195.0,7.677,55.0,2.165,195.0,7.677,275.0,10.827,,,Additional_2024,Chinese compact excavator
Sunward,SWE135E,65.0,2.559,255.0,10.039,65.0,2.559,255.0,10.039,385.0,15.157,,,Additional_2024,Chinese excavator
Sunward,SWE150E,70.0,2.756,305.0,12.008,70.0,2.756,305.0,12.008,435.0,17.126,,,Additional_2024,Chinese excavator
Sunward,SWE210E,80.0,3.15,326.0,12.835,80.0,3.15,326.0,12.835,458.0,18.031,,,Additional_2024,Chinese excavator
Sunward,SWE230E,90.0,3.543,346.0,13.622,90.0,3.543,346.0,13.622,513.0,20.197,,,Additional_2024,Chinese excavator
Shantui,SE17,30.0,1.181,105.0,4.134,30.0,1.181,105.0,4.134,126.0,4.961,,,Additional_2024,Chinese mini excavator
Shantui,SE35,40.0,1.575,135.0,5.315,40.0,1.575,135.0,5.315,200.0,7.874,,,Additional_2024,Chinese mini excavator
Shantui,SE60,50.0,1.969,185.0,7.283,50.0,1.969,185.0,7.283,305.0,12.008,,,Additional_2024,Chinese compact excavator
Shantui,SE75,55.0,2.165,195.0,7.677,55.0,2.165,195.0,7.677,275.0,10.827,,,Additional_2024,Chinese compact excavator
Shantui,SE135,65.0,2.559,255.0,10.039,65.0,2.559,255.0,10.039,385.0,15.157,,,Additional_2024,Chinese excavator
Shantui,SE210,80.0,3.15,326.0,12.835,80.0,3.15,326.0,12.835,458.0,18.031,,,Additional_2024,Chinese excavator
Shantui,SE230,90.0,3.543,346.0,13.622,90.0,3.543,346.0,13.622,513.0,20.197,,,Additional_2024,Chinese excavator
Shantui,SE300,100.0,3.937,372.0,14.646,100.0,3.937,372.0,14.646,537.0,21.142,,,Additional_2024,Chinese excavator
Mecalac,6MCR,40.0,1.575,135.0,5.315,40.0,1.575,135.0,5.315,200.0,7.874,,,Additional_2024,French compact excavator
Mecalac,8MCR,45.0,1.772,156.0,6.142,45.0,1.772,156.0,6.142,260.0,10.236,,,Additional_2024,French compact excavator
Mecalac,10MCR,50.0,1.969,185.0,7.283,50.0,1.969,185.0,7.283,305.0,12.008,,,Additional_2024,French compact excavator
Mecalac,12MTX,55.0,2.165,195.0,7.677,55.0,2.165,195.0,7.677,275.0,10.827,,,Additional_2024,French compact excavator
Mecalac,14MXT,60.0,2.362,200.0,7.874,60.0,2.362,200.0,7.874,300.0,11.811,,,Additional_2024,French compact excavator
Mecalac,15MWR,65.0,2.559,255.0,10.039,65.0,2.559,255.0,10.039,385.0,15.157,,,Additional_2024,French excavator
Mecalac,17MWR,70.0,2.756,305.0,12.008,70.0,2.756,305.0,12.008,435.0,17.126,,,Additional_2024,French excavator
Mecalac,20MWR,80.0,3.15,326.0,12.835,80.0,3.15,326.0,12.835,458.0,18.031,,,Additional_2024,French excavator
Mecalac,23MWR,90.0,3.543,346.0,13.622,90.0,3.543,346.0,13.622,513.0,20.197,,,Additional_2024,French excavator
Mecalac,25MWR,90.0,3.543,346.0,13.622,90.0,3.543,346.0,13.622,513.0,20.197,,,Additional_2024,French excavator
Mecalac,30MWR,100.0,3.937,372.0,14.646,100.0,3.937,372.0,14.646,537.0,21.142,,,Additional_2024,French excavator
Mecalac,35MWR,110.0,4.331,425.0,16.732,110.0,4.331,425.0,16.732,586.0,23.071,,,Additional_2024,French excavator
Schaeff,TC08,30.0,1.181,105.0,4.134,30.0,1.181,105.0,4.134,126.0,4.961,,,Additional_2024,German mini excavator
Schaeff,TC16,35.0,1.378,135.0,5.315,35.0,1.378,135.0,5.315,165.0,6.496,,,Additional_2024,German mini excavator
Schaeff,TC25,40.0,1.575,135.0,5.315,40.0,1.575,135.0,5.315,200.0,7.874,,,Additional_2024,German mini excavator
Schaeff,TC35,45.0,1.772,156.0,6.142,45.0,1.772,156.0,6.142,260.0,10.236,,,Additional_2024,German compact excavator
Schaeff,TC50,50.0,1.969,185.0,7.283,50.0,1.969,185.0,7.283,305.0,12.008,,,Additional_2024,German compact excavator
Schaeff,TC75,55.0,2.165,195.0,7.677,55.0,2.165,195.0,7.677,275.0,10.827,,,Additional_2024,German compact excavator
Schaeff,TC125,65.0,2.559,255.0,10.039,65.0,2.559,255.0,10.039,385.0,15.157,,,Additional_2024,German excavator
Schaeff,TC175,80.0,3.15,326.0,12.835,80.0,3.15,326.0,12.835,458.0,18.031,,,Additional_2024,German excavator
Eurocomach,ES18ZT,30.0,1.181,105.0,4.134,30.0,1.181,105.0,4.134,126.0,4.961,,,Additional_2024,Italian mini excavator
Eurocomach,ES25ZT,35.0,1.378,135.0,5.315,35.0,1.378,135.0,5.315,165.0,6.496,,,Additional_2024,Italian mini excavator
Eurocomach,ES35ZT,40.0,1.575,135.0,5.315,40.0,1.575,135.0,5.315,200.0,7.874,,,Additional_2024,Italian mini excavator
Eurocomach,ES50ZT,45.0,1.772,156.0,6.142,45.0,1.772,156.0,6.142,260.0,10.236,,,Additional_2024,Italian compact excavator
Eurocomach,ES60ZT,50.0,1.969,185.0,7.283,50.0,1.969,185.0,7.283,305.0,12.008,,,Additional_2024,Italian compact excavator
Eurocomach,ES85ZT,55.0,2.165,195.0,7.677,55.0,2.165,195.0,7.677,275.0,10.827,,,Additional_2024,Italian compact excavator
Eurocomach,ES95ZT,60.0,2.362,200.0,7.874,60.0,2.362,200.0,7.874,300.0,11.811,,,Additional_2024,Italian compact excavator
Eurocomach,ES135ZT,65.0,2.559,255.0,10.039,65.0,2.559,255.0,10.039,385.0,15.157,,,Additional_2024,Italian excavator
Eurocomach,ES150ZT,70.0,2.756,305.0,12.008,70.0,2.756,305.0,12.008,435.0,17.126,,,Additional_2024,Italian excavator
Eurocomach,ES210ZT,80.0,3.15,326.0,12.835,80.0,3.15,326.0,12.835,458.0,18.031,,,Additional_2024,Italian excavator
Gehl,M08,25.0,0.984,95.0,3.74,25.0,0.984,95.0,3.74,90.0,3.543,,,Additional_2024,US mini excavator
Gehl,M135,35.0,1.378,135.0,5.315,35.0,1.378,135.0,5.315,165.0,6.496,,,Additional_2024,US mini excavator
Gehl,M240,40.0,1.575,156.0,6.142,40.0,1.575,156.0,6.142,260.0,10.236,,,Additional_2024,US compact excavator
Gehl,M340,45.0,1.772,156.0,6.142,45.0,1.772,156.0,6.142,260.0,10.236,,,Additional_2024,US compact excavator
Gehl,M440,50.0,1.969,185.0,7.283,50.0,1.969,185.0,7.283,305.0,12.008,,,Additional_2024,US compact excavator
New Holland,E18C,30.0,1.181,105.0,4.134,30.0,1.181,105.0,4.134,126.0,4.961,,,Additional_2024,New Holland mini excavator
New Holland,E26C,35.0,1.378,135.0,5.315,35.0,1.378,135.0,5.315,165.0,6.496,,,Additional_2024,New Holland mini excavator
New Holland,E35C,40.0,1.575,135.0,5.315,40.0,1.575,135.0,5.315,200.0,7.874,,,Additional_2024,New Holland mini excavator
New Holland,E50C,45.0,1.772,156.0,6.142,45.0,1.772,156.0,6.142,260.0,10.236,,,Additional_2024,New Holland compact excavator
New Holland,E60C,50.0,1.969,185.0,7.283,50.0,1.969,185.0,7.283,305.0,12.008,,,Additional_2024,New Holland compact excavator
New Holland,E80C,55.0,2.165,195.0,7.677,55.0,2.165,195.0,7.677,275.0,10.827,,,Additional_2024,New Holland compact excavator
New Holland,E135C,65.0,2.559,255.0,10.039,65.0,2.559,255.0,10.039,385.0,15.157,,,Additional_2024,New Holland excavator
New Holland,E175C,70.0,2.756,305.0,12.008,70.0,2.756,305.0,12.008,435.0,17.126,,,Additional_2024,New Holland excavator
New Holland,E215C,80.0,3.15,326.0,12.835,80.0,3.15,326.0,12.835,458.0,18.031,,,Additional_2024,New Holland excavator
New Holland,E245C,90.0,3.543,346.0,13.622,90.0,3.543,346.0,13.622,513.0,20.197,,,Additional_2024,New Holland excavator
Terex,TC16,30.0,1.181,105.0,4.134,30.0,1.181,105.0,4.134,126.0,4.961,,,Additional_2024,Terex mini excavator
Terex,TC20,35.0,1.378,135.0,5.315,35.0,1.378,135.0,5.315,165.0,6.496,,,Additional_2024,Terex mini excavator
Terex,TC29,40.0,1.575,135.0,5.315,40.0,1.575,135.0,5.315,200.0,7.874,,,Additional_2024,Terex mini excavator
Terex,TC37,45.0,1.772,156.0,6.142,45.0,1.772,156.0,6.142,260.0,10.236,,,Additional_2024,Terex compact excavator
Terex,TC48,50.0,1.969,185.0,7.283,50.0,1.969,185.0,7.283,305.0,12.008,,,Additional_2024,Terex compact excavator
Terex,TC75,55.0,2.165,195.0,7.677,55.0,2.165,195.0,7.677,275.0,10.827,,,Additional_2024,Terex compact excavator
Terex,TC125,65.0,2.559,255.0,10.039,65.0,2.559,255.0,10.039,385.0,15.157,,,Additional_2024,Terex excavator
Terex,TC210,80.0,3.15,326.0,12.835,80.0,3.15,326.0,12.835,458.0,18.031,,,Additional_2024,Terex excavator
Rhinox,RX08,25.0,0.984,95.0,3.74,25.0,0.984,95.0,3.74,90.0,3.543,,,Additional_2024,UK mini excavator
Rhinox,RX15,30.0,1.181,105.0,4.134,30.0,1.181,105.0,4.134,126.0,4.961,,,Additional_2024,UK mini excavator
Rhinox,RX25,35.0,1.378,135.0,5.315,35.0,1.378,135.0,5.315,165.0,6.496,,,Additional_2024,UK mini excavator
Hanix,H08A,25.0,0.984,95.0,3.74,25.0,0.984,95.0,3.74,90.0,3.543,,,Additional_2024,Japanese mini excavator
Hanix,H15B,30.0,1.181,105.0,4.134,30.0,1.181,105.0,4.134,126.0,4.961,,,Additional_2024,Japanese mini excavator
Hanix,H22A,35.0,1.378,135.0,5.315,35.0,1.378,135.0,5.315,165.0,6.496,,,Additional_2024,Japanese mini excavator
Hanix,H36C,40.0,1.575,135.0,5.315,40.0,1.575,135.0,5.315,200.0,7.874,,,Additional_2024,Japanese mini excavator
Hanix,H55DR,50.0,1.969,185.0,7.283,50.0,1.969,185.0,7.283,305.0,12.008,,,Additional_2024,Japanese compact excavator
Neuson,1003,25.0,0.984,100.0,3.937,25.0,0.984,100.0,3.937,86.3,3.398,,,Additional_2024,German mini excavator
Neuson,1503RD,32.0,1.26,118.0,4.646,32.0,1.26,118.0,4.646,129.5,5.098,,,Additional_2024,German mini excavator
Neuson,2503RD,32.0,1.26,118.0,4.646,32.0,1.26,118.0,4.646,129.5,5.098,,,Additional_2024,German mini excavator
Neuson,3503RD,40.0,1.575,140.0,5.512,40.0,1.575,140.0,5.512,180.0,7.087,,,Additional_2024,German mini excavator
Neuson,5003RD,50.0,1.969,195.0,7.677,50.0,1.969,195.0,7.677,235.0,9.252,,,Additional_2024,German compact excavator
Sumitomo,SH75X-7,55.0,2.165,195.0,7.677,55.0,2.165,195.0,7.677,275.0,10.827,,,Additional_2024,Japanese compact excavator
Sumitomo,SH85-7,60.0,2.362,200.0,7.874,60.0,2.362,200.0,7.874,300.0,11.811,,,Additional_2024,Japanese compact excavator
Sumitomo,SH135X-7,65.0,2.559,255.0,10.039,65.0,2.559,255.0,10.039,385.0,15.157,,,Additional_2024,Japanese excavator
Sumitomo,SH200-7,80.0,3.15,326.0,12.835,80.0,3.15,326.0,12.835,458.0,18.031,,,Additional_2024,Japanese excavator
Sumitomo,SH225X-7,90.0,3.543,346.0,13.622,90.0,3.543,346.0,13.622,513.0,20.197,,,Additional_2024,Japanese excavator
Sumitomo,SH350-7,100.0,3.937,372.0,14.646,100.0,3.937,372.0,14.646,537.0,21.142,,,Additional_2024,Japanese excavator
Caterpillar,301.7 CR Electric,30.0,1.181,105.0,4.134,30.0,1.181,105.0,4.134,126.5,4.98,,,Electric_2024,Electric mini excavator
Caterpillar,302 CR Electric,35.0,1.378,135.0,5.315,35.0,1.378,135.0,5.315,165.0,6.496,,,Electric_2024,Electric mini excavator
Caterpillar,303 CR Electric,40.0,1.575,135.0,5.315,40.0,1.575,135.0,5.315,200.0,7.874,,,Electric_2024,Electric mini excavator
Volvo,EC18 Electric,30.0,1.181,105.0,4.134,30.0,1.181,105.0,4.134,126.0,4.961,,,Electric_2024,Electric mini excavator
Volvo,EC20 Electric,35.0,1.378,135.0,5.315,35.0,1.378,135.0,5.315,165.0,6.496,,,Electric_2024,Electric mini excavator
Volvo,EC27 Electric,40.0,1.575,135.0,5.315,40.0,1.575,135.0,5.315,200.0,7.874,,,Electric_2024,Electric mini excavator
JCB,19C-1E Electric,30.0,1.181,105.0,4.134,30.0,1.181,105.0,4.134,126.0,4.961,,,Electric_2024,Electric mini excavator
JCB,30PLUS Electric,35.0,1.378,136.0,5.354,35.0,1.378,136.0,5.354,125.0,4.921,,,Electric_2024,Electric mini excavator
Komatsu,PC30E-5,35.0,1.378,135.0,5.315,35.0,1.378,135.0,5.315,165.0,6.496,,,Electric_2024,Electric mini excavator
Komatsu,PC40E-5,40.0,1.575,135.0,5.315,40.0,1.575,135.0,5.315,200.0,7.874,,,Electric_2024,Electric mini excavator
Wilco,WAM-180,80.0,3.15,326.0,12.835,80.0,3.15,326.0,12.835,458.0,18.031,,,Specialty_2024,Amphibious excavator
Marsh Buggy,MB-200,90.0,3.543,346.0,13.622,90.0,3.543,346.0,13.622,513.0,20.197,,,Specialty_2024,Marsh excavator
Genesis,GDT990,120.0,4.724,480.0,18.898,120.0,4.724,480.0,18.898,630.0,24.803,,,Specialty_2024,Demolition excavator
NPK,E-216,80.0,3.15,326.0,12.835,80.0,3.15,326.0,12.835,458.0,18.031,,,Specialty_2024,Demolition excavator
Micro Digger,MD-08,20.0,0.787,80.0,3.15,20.0,0.787,80.0,3.15,70.0,2.756,,,Specialty_2024,Ultra-compact excavator
Mini Mite,MM-10,22.0,0.866,85.0,3.346,22.0,0.866,85.0,3.346,75.0,2.953,,,Specialty_2024,Ultra-compact excavator
Liebherr,R9400,250.0,9.843,1000.0,39.37,250.0,9.843,1000.0,39.37,1200.0,47.244,,,Specialty_2024,Ultra-large mining excavator
Caterpillar,6090 FS,300.0,11.811,1200.0,47.244,300.0,11.811,1200.0,47.244,1400.0,55.118,,,Specialty_2024,Ultra-large mining excavator
Komatsu,PC8000-6,280.0,11.024,1100.0,43.307,280.0,11.024,1100.0,43.307,1300.0,51.181,,,Specialty_2024,Ultra-large mining excavator
